,team,conference,sos,prev_sos,adj_rpi,adj_rpi_value,rpi,rpi_value,adj_non-conf_rpi,conf_rpi,nc_sos,nc_sos_value,advanced,win,loss,road_win,road_loss,last_10_win,last_10_loss,rpi_1_win,rpi_1_loss,rpi_26_win,rpi_26_loss,rpi_51_win,rpi_51_loss,rpi_101_win,rpi_101_loss,top_100_win,top_100_loss,below_150_win,below_150_loss,non_conf_win,non_conf_loss,conf_win,conf_loss
0,Tennessee,SEC,1,1,12,0.6547,9,0.6414,16,1,10,0.60414,1,39,16,9,5,7,3,8,12,11,4,7,0,13,0,26,16,9,0,23,7,23,7
1,Oregon,Pac-12,2,2,17,0.63733,16,0.62193,5,2,3,0.61828,1,31,17,14,8,6,4,0,11,9,4,14,2,8,0,23,17,2,0,21,3,21,3
2,LSU,SEC,3,3,22,0.63004,20,0.61534,22,1,9,0.60423,1,34,21,9,8,5,5,7,15,10,4,9,2,8,0,26,21,2,0,21,9,21,9
3,Clemson,ACC,4,5,8,0.66091,10,0.63921,13,3,66,0.54792,1,39,15,10,6,6,4,10,13,9,2,9,0,11,0,28,15,9,0,23,4,23,4
4,Mississippi St.,SEC,5,4,30,0.60545,29,0.59845,36,1,36,0.57096,1,33,24,5,11,4,6,8,16,4,2,10,4,11,2,22,22,8,1,22,9,22,9
5,Utah,Pac-12,6,6,45,0.57959,42,0.57679,49,2,24,0.58218,0,27,27,7,12,5,5,4,12,5,11,5,3,13,1,14,26,6,1,18,12,18,12
6,Arkansas,SEC,7,7,4,0.67698,4,0.66298,12,1,45,0.56622,1,44,9,13,3,9,1,11,5,17,4,8,0,8,0,36,9,3,0,22,4,22,4
7,Virginia Tech,ACC,8,8,2,0.70234,2,0.66874,3,3,1,0.63942,1,41,7,17,5,9,1,12,5,7,1,17,1,5,0,36,7,4,0,19,4,19,4
8,Washington,Pac-12,9,12,16,0.64603,14,0.62783,10,2,30,0.57649,1,35,15,9,5,6,4,9,8,9,4,7,3,10,0,25,15,8,0,21,5,21,5
9,Alabama,SEC,10,9,5,0.67448,6,0.64928,4,1,8,0.60674,1,41,11,11,6,5,5,13,8,11,3,8,0,9,0,32,11,8,0,25,2,25,2
10,Minnesota,Big Ten,11,11,35,0.59616,37,0.57936,28,5,2,0.6211,1,26,24,7,13,6,4,5,10,4,9,5,3,12,2,14,22,4,0,15,11,15,11
11,Pittsburgh,ACC,12,10,95,0.53264,95,0.53124,71,3,90,0.53446,0,14,27,2,11,1,9,1,13,0,1,4,9,9,4,5,23,6,1,12,7,12,7
12,Kansas,Big 12,13,13,92,0.53464,98,0.52764,78,4,13,0.59696,0,16,34,3,11,2,8,1,12,2,10,5,9,8,3,8,31,5,0,13,18,13,18
13,Missouri,SEC,14,18,18,0.63617,22,0.61377,23,1,49,0.56281,1,36,20,8,9,7,3,9,10,14,6,4,3,9,1,27,19,7,1,21,8,21,8
14,Michigan,Big Ten,15,16,21,0.63053,19,0.61793,24,5,26,0.58132,1,36,16,11,6,8,2,8,8,5,5,6,3,17,0,19,16,10,0,20,7,20,7
15,Texas A&M,SEC,16,15,40,0.5862,38,0.5792,40,1,101,0.52989,1,29,26,2,14,2,8,6,20,3,4,6,2,14,0,15,26,11,0,22,7,22,7
16,Florida,SEC,17,14,13,0.65073,13,0.63043,15,1,72,0.54358,1,43,16,15,4,7,3,9,11,13,3,3,1,18,1,25,15,11,0,28,4,28,4
17,Louisville,ACC,18,17,44,0.58323,46,0.57553,42,3,42,0.56847,0,27,25,6,14,3,7,3,16,1,2,12,6,11,1,16,24,8,0,17,9,17,9
18,South Carolina,SEC,19,19,50,0.57182,54,0.56202,34,1,71,0.54381,0,26,30,3,13,1,9,3,21,1,7,6,2,16,0,10,30,10,0,23,8,23,8
19,Texas,Big 12,20,21,14,0.6484,17,0.619,8,4,6,0.60728,1,38,17,12,6,6,4,5,13,4,2,20,1,9,1,29,16,4,0,25,10,25,10
20,North Carolina,ACC,21,20,62,0.55949,59,0.55529,55,3,54,0.55773,0,23,28,4,15,2,8,1,17,3,3,10,6,9,2,14,26,7,1,16,10,16,10
21,Kentucky,SEC,22,22,24,0.62516,23,0.61256,25,1,87,0.53533,1,35,17,11,7,5,5,6,12,12,4,2,1,15,0,20,17,11,0,22,5,22,5
22,Oklahoma St.,Big 12,23,28,7,0.67102,11,0.63882,7,4,14,0.59365,1,41,12,12,7,5,5,8,8,10,2,14,1,9,1,32,11,5,0,24,8,24,8
23,Arizona St.,Pac-12,24,24,10,0.657,7,0.6458,27,2,91,0.53382,1,39,9,10,3,7,3,9,3,12,3,6,3,12,0,27,9,7,0,19,5,19,5
24,Ole Miss,SEC,25,23,26,0.62045,21,0.61415,26,1,115,0.5233,1,39,17,9,8,7,3,10,12,5,3,5,1,19,1,20,16,10,0,26,4,26,4
25,California,Pac-12,26,26,53,0.5684,50,0.5642,59,2,78,0.54005,0,28,27,6,16,3,7,3,10,5,10,4,3,16,4,12,23,11,0,20,11,20,11
26,Georgia Tech,ACC,27,25,23,0.62766,24,0.61226,18,3,125,0.51781,1,37,16,10,8,6,4,2,12,6,2,15,2,14,0,23,16,8,0,25,2,25,2
27,Ohio St.,Big Ten,28,30,25,0.62281,26,0.60811,20,5,29,0.57716,1,35,15,13,5,7,3,2,7,7,4,9,3,17,1,18,14,8,0,20,5,20,5
28,Iowa St.,Big 12,29,29,59,0.56153,58,0.55663,57,4,40,0.56948,0,28,27,9,12,7,3,1,12,2,2,11,10,14,3,14,24,10,1,21,14,21,14
29,Boston College,ACC,30,31,84,0.54059,82,0.54059,73,3,82,0.5386,0,20,27,8,13,2,8,2,12,0,2,8,12,10,1,10,26,9,0,14,9,14,9
30,UCLA,Pac-12,31,27,6,0.67284,5,0.65114,9,2,96,0.53223,1,43,8,8,4,7,3,10,5,14,3,8,0,11,0,32,8,9,0,24,3,24,3
31,Florida St.,ACC,32,35,3,0.69949,3,0.66589,2,3,45,0.56622,1,52,5,19,1,10,0,19,2,0,0,18,3,15,0,37,5,8,0,30,0,30,0
32,Duke,ACC,33,32,9,0.6593,8,0.6446,14,3,41,0.56876,1,41,8,14,5,7,3,8,6,4,1,18,1,11,0,30,8,7,0,20,4,20,4
33,Northwestern,Big Ten,34,33,11,0.65526,12,0.63356,6,5,12,0.59919,1,40,10,10,4,7,3,10,5,6,3,6,2,18,0,22,10,8,0,20,5,20,5
34,Virginia,ACC,35,37,56,0.56368,52,0.56368,109,3,166,0.4928,0,27,24,9,11,5,5,3,12,1,6,13,3,10,3,17,21,9,2,14,11,14,11
35,Charlotte,C-USA,36,34,33,0.59851,39,0.57891,19,7,5,0.60776,0,35,23,9,10,7,3,1,6,6,6,15,8,13,3,22,20,6,2,21,9,21,9
36,Texas Tech,Big 12,37,38,81,0.54708,79,0.54218,64,4,58,0.55522,0,22,27,5,8,3,7,1,17,1,3,6,6,14,1,8,26,11,1,17,13,17,13
37,Stanford,Pac-12,38,40,31,0.60245,31,0.59265,35,2,129,0.51653,1,36,19,12,10,4,6,7,10,7,5,1,3,21,1,15,18,16,0,25,6,25,6
38,Georgia,SEC,39,39,20,0.63115,25,0.61015,17,1,117,0.52227,1,40,16,6,7,4,6,7,8,10,7,7,1,16,0,24,16,14,0,28,3,28,3
39,Oregon St.,Pac-12,40,36,37,0.59245,33,0.58685,31,2,133,0.51229,1,33,19,10,9,2,8,1,13,6,4,6,0,20,2,13,17,11,1,24,4,24,4
40,Oklahoma,Big 12,41,42,1,0.70491,1,0.67201,1,4,37,0.57014,1,49,2,15,1,9,1,8,2,6,0,27,0,8,0,41,2,2,0,30,0,30,0
41,UAB,C-USA,42,41,75,0.55084,74,0.54664,74,7,20,0.5864,0,25,24,8,10,4,6,0,5,2,7,9,8,14,4,11,20,10,2,12,13,12,13
42,Wisconsin,Big Ten,43,43,38,0.59223,44,0.57613,33,5,59,0.55497,1,28,19,10,6,3,7,3,8,6,8,5,2,14,1,14,18,8,1,15,7,15,7
43,UCF,AAC,44,45,15,0.6472,15,0.6227,11,6,16,0.59012,1,46,12,13,3,8,2,4,7,10,4,10,1,22,0,24,12,12,0,28,10,28,10
44,Illinois,Big Ten,45,44,34,0.59716,35,0.58106,38,5,33,0.57415,1,34,20,14,10,6,4,3,10,8,4,6,4,17,2,17,18,8,0,19,12,19,12
45,San Diego,WCC,46,45,111,0.5158,128,0.5046,90,13,19,0.58648,0,20,34,5,10,1,9,0,2,4,6,1,17,15,9,5,25,13,3,15,25,15,25
46,Iowa,Big Ten,47,47,102,0.52832,105,0.52132,53,5,79,0.53906,0,21,31,7,11,3,7,0,9,4,11,5,6,12,5,9,26,7,0,18,10,18,10
47,Nebraska,Big Ten,48,51,28,0.6126,27,0.6049,44,5,65,0.54854,1,40,14,12,8,7,3,5,3,7,4,10,5,18,2,22,12,5,0,20,9,20,9
48,Houston,AAC,49,48,77,0.54922,80,0.54082,63,6,32,0.57434,0,27,27,5,7,4,6,2,8,3,8,2,6,20,5,7,22,14,3,18,17,18,17
49,Tulsa,AAC,50,52,114,0.51334,116,0.51194,117,6,31,0.57449,0,18,30,5,16,4,6,0,8,1,10,6,8,11,4,7,26,10,3,11,20,11,20
50,South Alabama,Sun Belt,51,49,67,0.55484,67,0.55134,91,8,22,0.58447,0,25,21,10,7,6,4,0,6,1,6,6,7,18,2,7,19,9,0,8,13,8,13
51,Arizona,Pac-12,52,53,43,0.58377,45,0.57607,39,2,182,0.4809,1,33,20,6,8,6,4,3,12,5,5,7,3,18,0,15,20,17,0,25,4,25,4
52,Baylor,Big 12,53,50,63,0.5582,68,0.5512,54,4,113,0.52484,0,28,24,8,6,4,6,2,12,0,1,9,8,17,3,11,21,10,2,22,10,22,10
53,Indiana,Big Ten,54,55,71,0.55329,60,0.55469,75,5,154,0.50122,0,27,22,5,11,4,6,1,9,3,9,2,3,21,1,6,21,10,1,16,8,16,8
54,FGCU,ASUN,55,54,132,0.50357,142,0.49937,101,11,11,0.59981,0,18,33,5,12,5,5,2,9,0,7,6,3,10,14,8,19,7,8,9,18,9,18
55,Penn St.,Big Ten,56,56,55,0.56487,53,0.56207,69,5,103,0.52965,0,32,22,13,10,5,5,2,8,3,4,8,8,19,2,13,20,8,1,18,11,18,11
56,Notre Dame,ACC,57,57,19,0.63407,18,0.61797,21,3,88,0.53489,1,39,10,9,5,8,2,7,5,4,3,15,2,13,0,26,10,7,0,23,4,23,4
57,Wichita St.,AAC,58,58,36,0.59275,36,0.58085,43,6,38,0.57008,1,33,16,12,10,7,3,1,7,6,6,7,2,19,1,14,15,14,1,18,11,18,11
58,Auburn,SEC,59,59,32,0.60189,30,0.59489,30,1,226,0.46213,1,39,15,7,9,5,5,5,13,9,2,2,0,23,0,16,15,18,0,28,1,28,1
59,Longwood,Big South,60,63,68,0.55429,72,0.54939,112,17,44,0.56632,0,34,24,10,12,8,2,0,6,2,2,6,12,26,4,8,20,23,3,9,16,9,16
60,Liberty,ASUN,61,64,29,0.60762,32,0.59082,37,11,7,0.60696,1,43,16,14,4,8,2,3,10,1,2,15,1,24,3,19,13,13,2,17,15,17,15
61,FIU,C-USA,62,61,143,0.49873,143,0.49873,85,7,57,0.55542,0,19,31,3,13,2,8,0,5,0,6,2,12,17,8,2,23,16,5,14,12,14,12
62,Middle Tenn.,C-USA,63,60,150,0.49062,149,0.49202,120,7,60,0.5525,0,19,34,4,13,1,9,0,3,1,10,3,10,15,11,4,23,10,6,13,16,13,16
63,New Mexico St.,WAC,64,62,193,0.464,197,0.464,172,20,27,0.57811,0,13,38,5,14,3,7,0,4,0,4,1,10,12,20,1,18,10,7,5,18,5,18
64,Hofstra,CAA,65,65,129,0.50478,130,0.50408,173,14,62,0.55185,0,21,27,10,10,5,5,0,2,1,3,1,7,19,15,2,12,13,6,8,19,8,19
65,Louisiana,Sun Belt,66,69,27,0.6171,28,0.6045,29,8,56,0.55556,1,45,11,16,5,10,0,1,6,2,0,17,2,25,3,20,8,13,3,18,7,18,7
66,James Madison,CAA,67,67,103,0.5254,106,0.5212,93,14,17,0.58863,0,21,21,9,9,6,4,0,5,0,3,5,3,16,10,5,11,14,3,11,16,11,16
67,St. John's (NY),Big East,68,66,211,0.45479,212,0.45689,171,10,35,0.57227,0,12,35,3,22,2,8,0,0,0,4,0,6,12,25,0,10,8,8,7,17,7,17
68,NC State,ACC,69,68,66,0.55499,70,0.55009,47,3,184,0.4806,0,33,23,6,11,5,5,0,10,3,3,11,9,19,1,14,22,16,1,26,5,26,5
69,Syracuse,ACC,70,70,87,0.53811,84,0.53811,103,3,268,0.42462,0,26,21,6,13,6,4,1,11,1,4,6,2,18,4,8,17,14,3,18,5,18,5
70,North Texas,C-USA,71,75,47,0.57729,41,0.57729,70,7,144,0.50611,1,35,14,13,7,8,2,0,3,4,2,13,7,18,2,17,12,14,1,15,7,15,7
71,Fresno St.,Mountain West,72,78,165,0.4807,170,0.4807,198,9,123,0.51986,0,19,36,6,18,4,6,0,6,0,11,2,7,17,12,2,24,15,11,9,22,9,22
72,McNeese,Southland,73,73,58,0.56231,57,0.55671,77,15,70,0.54475,1,38,19,14,6,9,1,0,5,2,4,8,6,28,4,10,15,22,3,21,16,21,16
73,Michigan St.,Big Ten,74,72,113,0.51343,115,0.51203,106,5,217,0.46668,0,24,28,5,15,3,7,1,9,0,7,4,6,19,6,5,22,14,1,20,11,20,11
74,UTSA,C-USA,75,74,152,0.4886,151,0.49,194,7,95,0.53299,0,18,30,8,11,4,6,0,2,2,5,5,11,11,12,7,18,8,3,7,17,7,17
75,Kansas City,Summit League,76,71,196,0.46247,204,0.46247,189,21,21,0.58589,0,13,34,0,17,5,5,0,7,0,8,1,8,12,11,1,23,11,5,4,22,4,22
76,Texas St.,Sun Belt,77,83,51,0.57179,51,0.56409,58,8,127,0.51716,0,38,19,18,7,8,2,1,4,2,7,9,3,26,5,12,14,18,2,16,9,16,9
77,Memphis,AAC,78,77,188,0.46676,187,0.46886,169,6,136,0.51099,0,16,38,0,12,0,10,0,6,0,9,1,11,15,12,1,26,9,4,14,21,14,21
78,Western Ky.,C-USA,79,85,41,0.58557,34,0.58277,32,7,97,0.53161,0,38,13,6,9,7,3,1,1,2,6,9,4,26,2,12,11,17,0,18,4,18,4
79,Maryland,Big Ten,80,76,83,0.54073,85,0.53793,116,5,131,0.51406,0,29,23,13,6,5,5,2,7,2,3,4,5,21,8,8,15,7,3,14,14,14,14
80,Coastal Carolina,Sun Belt,81,81,119,0.51097,121,0.50817,95,8,172,0.48815,0,25,29,4,12,7,3,0,2,0,6,5,11,20,10,5,19,18,1,14,9,14,9
81,Fla. Atlantic,C-USA,82,79,105,0.52301,99,0.52721,165,7,188,0.47883,0,29,26,7,7,6,4,0,2,4,9,6,8,19,7,10,19,13,4,13,15,13,15
82,Rutgers,Big Ten,83,80,124,0.50681,119,0.50961,84,5,145,0.50528,0,25,28,3,13,2,8,0,4,1,10,3,9,21,5,4,23,17,3,22,11,22,11
83,UTEP,C-USA,84,84,192,0.46434,195,0.46574,187,7,170,0.49006,0,15,34,2,17,3,7,0,1,0,9,2,12,13,12,2,22,11,11,10,15,10,15
84,Illinois St.,MVC,85,86,131,0.50406,132,0.50266,128,12,68,0.54637,0,24,28,5,15,5,5,0,3,0,4,3,7,21,14,3,14,14,10,9,14,9,14
85,Delaware,CAA,86,82,80,0.54805,75,0.54595,80,14,138,0.50938,0,29,16,9,7,5,5,0,1,0,0,5,3,24,12,5,4,13,3,17,10,17,10
86,Kennesaw St.,ASUN,87,88,135,0.50192,131,0.50332,147,11,114,0.52447,0,23,28,7,18,8,2,0,6,0,3,0,15,23,4,0,24,18,2,9,14,9,14
87,DePaul,Big East,88,87,101,0.52895,100,0.52685,127,10,74,0.54318,0,29,24,12,9,5,5,0,3,1,6,4,6,24,9,5,15,18,1,13,16,13,16
88,San Diego St.,Mountain West,89,89,49,0.57399,47,0.56909,72,9,126,0.51776,1,37,14,12,2,8,2,1,2,3,3,3,5,30,4,7,10,23,3,17,10,17,10
89,Purdue,Big Ten,90,93,127,0.50555,134,0.50205,118,5,159,0.49602,0,24,31,6,15,5,5,0,8,2,2,2,10,20,11,4,20,10,2,17,15,17,15
90,Drake,MVC,91,92,146,0.49446,148,0.49236,175,12,83,0.5378,0,21,29,5,13,4,6,0,5,1,2,4,7,16,15,5,14,13,9,6,16,6,16
91,Southern Utah,Big Sky,92,94,271,0.40002,281,0.40072,254,19,105,0.52936,0,3,40,0,16,0,10,0,1,1,8,0,5,2,26,1,14,2,18,3,22,3,22
92,Akron,MAC,93,91,183,0.46938,186,0.46938,174,22,18,0.58741,0,18,32,7,16,2,8,0,2,0,1,0,9,18,20,0,12,17,15,5,16,5,16
93,St. Thomas (MN),Summit League,94,90,217,0.44817,220,0.45027,211,21,52,0.5606,0,14,36,6,14,2,8,0,3,1,5,1,7,12,21,2,15,11,13,6,23,6,23
94,Troy,Sun Belt,95,95,79,0.54841,83,0.53861,56,8,128,0.51701,0,31,21,7,10,4,6,2,3,1,5,5,6,23,7,8,14,14,3,14,7,14,7
95,Boston U.,Patriot,96,99,54,0.56746,56,0.55976,48,26,28,0.57738,0,40,17,18,6,6,4,1,6,1,3,7,7,31,1,9,16,23,0,24,14,24,14
96,Villanova,Big East,97,103,88,0.53621,89,0.53481,108,10,85,0.536,1,32,22,12,11,7,3,0,4,0,3,5,8,27,7,5,15,19,2,16,15,16,15
97,Southern Miss.,C-USA,98,97,100,0.5292,102,0.5243,62,7,148,0.50407,0,29,23,9,10,3,7,1,1,5,6,2,10,21,6,8,17,19,5,20,8,20,8
98,SIUE,OVC,99,96,190,0.46583,193,0.46583,168,18,118,0.52193,0,19,35,1,20,4,6,0,0,0,1,1,9,18,25,1,10,8,14,9,14,9,14
99,Nicholls,Southland,100,98,231,0.43726,232,0.44146,215,15,124,0.51864,0,12,38,5,17,2,8,0,3,0,3,0,16,12,16,0,22,10,10,8,22,8,22
100,Campbell,Big South,101,106,74,0.55189,65,0.55189,104,17,139,0.50871,1,37,17,14,7,8,2,0,1,0,2,7,9,30,5,7,12,28,2,13,10,13,10
101,Cal St. Fullerton,Big West,102,102,64,0.55613,76,0.54563,50,16,23,0.58339,1,36,20,13,6,5,5,1,4,3,3,5,4,27,9,9,11,23,3,16,13,16,13
102,California Baptist,WAC,103,100,108,0.51855,109,0.51715,89,20,110,0.52545,0,30,26,5,12,6,4,0,3,0,5,4,8,26,10,4,16,19,5,18,14,18,14
103,South Fla.,AAC,104,113,39,0.59109,40,0.57849,41,6,155,0.50022,1,44,14,11,2,8,2,4,8,4,2,4,0,32,4,12,10,23,2,30,8,30,8
104,UConn,Big East,105,104,60,0.56126,61,0.55426,96,10,104,0.52947,0,38,18,14,5,6,4,1,3,0,2,6,5,31,8,7,10,21,1,18,14,18,14
105,Bucknell,Patriot,106,101,260,0.41122,264,0.41472,227,26,48,0.56558,0,7,38,4,17,2,8,0,2,0,2,0,13,7,21,0,17,6,17,4,23,4,23
106,Colorado St.,Mountain West,107,122,169,0.47789,172,0.47789,193,9,190,0.47841,0,18,28,2,13,4,6,0,1,0,9,1,5,17,13,1,15,17,9,9,13,9,13
107,Creighton,Big East,108,105,194,0.46373,193,0.46583,139,10,134,0.51219,0,15,27,4,16,1,9,0,0,0,3,0,7,15,17,0,10,11,10,10,10,10,10
108,Long Beach St.,Big West,109,119,99,0.52938,101,0.52588,87,16,25,0.58176,0,29,22,8,8,7,3,0,6,1,3,3,5,25,8,4,14,17,5,10,14,10,14
109,Missouri St.,MVC,110,126,85,0.54008,87,0.53518,102,12,55,0.55703,1,27,18,8,7,7,3,1,4,1,2,1,3,24,9,3,9,14,3,7,11,7,11
110,Lehigh,Patriot,111,131,96,0.53247,94,0.53247,114,26,43,0.56823,1,30,18,10,7,8,2,0,3,0,2,5,5,25,8,5,10,23,4,14,15,14,15
111,East Carolina,AAC,112,107,186,0.46845,185,0.47055,160,6,176,0.48499,0,20,36,6,12,1,9,0,7,0,7,0,7,20,15,0,21,17,5,18,19,18,19
112,Furman,SoCon,113,109,171,0.47709,173,0.47779,146,23,63,0.55082,0,22,33,5,21,4,6,0,8,1,3,2,8,19,14,3,19,17,12,12,21,12,21
113,Central Ark.,ASUN,114,108,76,0.55049,78,0.54279,67,11,102,0.52971,0,35,20,12,11,7,3,2,4,1,3,6,8,26,5,9,15,16,1,16,11,16,11
114,Nevada,Mountain West,115,111,209,0.45596,210,0.45736,217,9,195,0.4775,0,17,35,4,16,4,6,0,1,0,9,1,3,16,22,1,13,13,19,10,18,10,18
115,Georgia St.,Sun Belt,116,112,173,0.47531,171,0.47811,200,8,161,0.49558,0,21,33,4,23,5,5,0,5,1,3,1,8,19,17,2,16,11,10,9,16,9,16
116,Marshall,C-USA,117,114,78,0.54915,73,0.54775,86,7,219,0.46538,0,35,18,7,11,5,5,0,0,6,7,2,5,27,6,8,12,17,4,18,7,18,7
117,Lipscomb,ASUN,118,110,180,0.47181,179,0.47391,166,11,86,0.53567,0,20,32,3,9,4,6,0,2,0,3,3,12,17,15,3,17,12,6,10,17,10,17
118,UT Arlington,Sun Belt,119,117,141,0.49954,146,0.49534,131,8,178,0.4843,0,22,27,6,13,2,8,1,1,0,7,3,10,18,9,4,18,12,8,10,10,10,10
119,Saint Joseph's,Atlantic 10,120,116,134,0.5024,140,0.4996,125,25,34,0.57363,0,23,23,12,9,6,4,0,2,0,1,3,8,20,12,3,11,17,9,8,13,8,13
120,N.C. A&T,Big South,121,121,234,0.4349,234,0.4384,178,17,141,0.50753,0,13,35,1,17,1,9,0,0,0,2,0,11,13,22,0,13,13,18,10,13,10,13
121,Loyola Chicago,MVC,122,118,191,0.46564,191,0.46704,177,12,107,0.52754,0,17,30,6,16,4,6,0,2,0,2,2,11,15,15,2,15,11,9,6,12,6,12
122,Seattle U,WAC,123,123,106,0.52117,107,0.52117,97,20,81,0.53881,0,32,24,10,8,7,3,0,3,0,4,2,4,30,13,2,11,24,6,14,13,14,13
123,Southeast Mo. St.,OVC,124,120,118,0.51172,112,0.51452,144,18,156,0.49734,0,30,24,5,19,6,4,0,2,0,4,4,8,26,10,4,14,21,8,11,12,11,12
124,UC Santa Barbara,Big West,125,115,222,0.44375,227,0.44375,158,16,53,0.55788,0,15,39,5,10,3,7,0,3,0,5,0,8,15,23,0,16,11,15,9,18,9,18
125,Saint Louis,Atlantic 10,126,124,164,0.4817,167,0.4817,151,25,50,0.5622,0,22,29,7,10,2,8,0,1,0,5,3,11,19,12,3,17,16,8,8,17,8,17
126,ULM,Sun Belt,127,127,142,0.49947,141,0.49947,98,8,169,0.49022,0,27,27,7,14,3,7,0,0,0,6,5,10,22,11,5,16,17,5,17,9,17,9
127,UC San Diego,Big West,128,125,125,0.50623,127,0.50483,94,16,51,0.56199,0,27,26,10,8,6,4,0,4,0,3,3,7,24,12,3,14,17,6,12,14,12,14
128,Dixie St.,WAC,129,128,184,0.46937,189,0.46797,186,20,191,0.47799,0,19,32,6,16,4,6,0,0,0,4,3,8,16,20,3,12,13,7,11,16,11,16
129,ETSU,SoCon,130,129,267,0.40645,268,0.40925,264,23,116,0.52266,0,8,48,4,22,2,8,0,4,0,2,0,13,8,29,0,19,8,23,4,32,4,32
130,UNI,MVC,131,137,70,0.55348,71,0.54998,107,12,100,0.53005,0,32,14,15,5,7,3,0,0,1,6,3,2,28,6,4,8,17,3,9,10,9,10
131,North Florida,ASUN,132,139,65,0.55541,62,0.55401,61,11,185,0.48048,0,42,17,11,5,4,6,0,5,0,5,6,1,36,6,6,11,23,2,23,7,23,7
132,Boise St.,Mountain West,133,130,42,0.584,43,0.5763,45,9,174,0.48707,0,40,10,19,4,10,0,0,0,2,3,5,6,33,1,7,9,28,1,21,5,21,5
133,Ga. Southern,Sun Belt,134,133,225,0.44051,228,0.44331,251,8,237,0.4525,0,13,34,4,13,4,6,0,1,1,2,1,12,11,19,2,15,10,10,7,15,7,15
134,Ball St.,MAC,135,134,175,0.47333,177,0.47473,181,22,75,0.54247,0,22,31,8,13,4,6,1,4,0,1,1,7,20,19,2,12,19,14,7,17,7,17
135,San Jose St.,Mountain West,136,135,177,0.47285,174,0.47775,170,9,224,0.4634,0,22,29,7,13,2,8,0,0,0,7,2,4,20,18,2,11,15,15,14,12,14,12
136,Hawaii,Big West,137,132,120,0.50956,123,0.50746,100,16,4,0.61463,0,23,19,8,9,6,4,0,2,0,0,5,8,18,9,5,10,16,8,5,9,5,9
137,Western Ill.,Summit League,138,136,259,0.41306,263,0.41586,243,21,122,0.52057,0,8,37,1,15,1,9,0,1,0,7,1,8,7,21,1,16,7,16,4,20,4,20
138,St. Bonaventure,Atlantic 10,139,143,272,0.39928,279,0.40348,204,25,64,0.54873,0,8,38,3,21,1,9,0,0,0,0,0,3,8,35,0,3,7,21,7,15,7,15
139,UNC Greensboro,SoCon,140,142,72,0.55293,77,0.54523,68,23,98,0.53058,0,39,18,9,8,6,4,0,4,1,1,10,6,28,7,11,11,25,3,21,14,21,14
140,Toledo,MAC,141,141,250,0.42474,254,0.42894,202,22,109,0.52587,0,12,37,6,20,3,7,0,3,0,2,0,6,12,26,0,11,12,19,7,16,7,16
141,Northern Ky.,Horizon,142,145,159,0.48434,162,0.48294,92,29,15,0.59033,0,27,29,15,12,7,3,0,6,0,0,2,3,25,20,2,9,22,14,11,14,11,14
142,LMU (CA),WCC,143,138,57,0.5629,63,0.5524,60,13,140,0.5087,1,36,15,9,2,8,2,1,4,3,5,5,3,27,3,9,12,21,2,23,13,23,13
143,Tennessee St.,OVC,144,146,251,0.4247,241,0.4352,238,18,212,0.46908,0,15,39,5,17,3,7,0,3,0,2,2,7,13,27,2,12,12,17,9,17,9,17
144,Towson,CAA,145,144,237,0.43364,236,0.43784,222,14,196,0.47693,0,14,33,2,13,1,9,0,0,0,0,2,8,12,25,2,8,9,14,10,17,10,17
145,SFA,WAC,146,159,121,0.50855,120,0.50855,142,20,76,0.54159,0,31,24,13,11,6,4,0,2,0,5,3,10,28,8,3,17,21,7,10,17,10,17
146,South Dakota St.,Summit League,147,179,46,0.57878,48,0.56688,46,21,111,0.52512,1,40,11,18,5,9,1,0,0,3,4,7,3,30,4,10,7,25,1,19,8,19,8
147,Southern Ill.,MVC,148,149,109,0.5178,111,0.5157,99,12,149,0.50366,0,27,19,11,8,7,3,0,3,1,0,2,7,24,9,3,10,20,6,11,8,11,8
148,Samford,SoCon,149,148,98,0.52953,96,0.52953,88,23,67,0.54671,0,34,19,12,9,6,4,0,0,0,5,4,7,30,7,4,12,24,4,16,14,16,14
149,Belmont,OVC,150,169,89,0.53545,91,0.53405,132,18,254,0.44026,0,33,17,9,12,5,5,0,0,0,2,6,7,27,8,6,9,21,1,10,7,10,7
150,CSUN,Big West,151,140,157,0.48757,160,0.48337,143,16,105,0.52936,0,24,30,11,10,7,3,0,3,2,7,0,7,22,13,2,17,19,3,10,17,10,17
151,Morehead St.,OVC,152,150,274,0.39828,271,0.40878,299,18,253,0.44069,0,8,36,2,17,3,7,0,0,0,0,1,8,7,28,1,8,6,17,1,16,1,16
152,Utah St.,Mountain West,153,147,148,0.49202,150,0.49132,185,9,233,0.45448,0,28,28,11,15,3,7,0,0,2,5,2,4,24,19,4,9,22,15,15,16,15,16
153,Ohio,MAC,154,151,154,0.48782,156,0.48642,212,22,112,0.52496,0,23,25,9,7,4,6,0,4,0,2,3,2,20,17,3,8,18,15,6,15,6,15
154,Miami (OH),MAC,155,170,61,0.56066,69,0.55086,79,22,119,0.52183,1,40,15,17,5,8,2,2,6,2,0,2,1,34,8,6,7,29,7,16,10,16,10
155,Massachusetts,Atlantic 10,156,153,206,0.45701,211,0.45701,205,25,108,0.52673,0,19,32,8,11,2,8,0,3,0,3,0,8,19,18,0,14,17,11,7,18,7,18
156,Kent St.,MAC,157,152,176,0.47291,182,0.47151,119,22,92,0.53359,0,20,28,8,17,4,6,0,5,0,0,1,8,19,15,1,13,14,13,9,11,9,11
157,Sam Houston,WAC,158,160,230,0.43764,239,0.43624,196,20,80,0.53882,0,15,39,6,18,4,6,0,2,0,4,2,9,13,24,2,15,10,13,7,22,7,22
158,Seton Hall,Big East,159,158,170,0.47787,165,0.48207,152,10,211,0.46943,0,20,23,13,7,4,6,0,0,0,2,1,5,19,16,1,7,11,7,11,9,11,9
159,Hampton,Big South,160,154,241,0.43022,230,0.44212,229,17,208,0.47141,0,19,36,5,15,2,8,0,0,0,0,1,10,18,26,1,10,18,21,12,16,12,16
160,Georgetown,Big East,161,155,216,0.44962,217,0.45242,197,10,213,0.46893,0,15,28,5,13,3,7,0,0,0,0,1,7,14,21,1,7,12,8,10,12,10,12
161,Stetson,ASUN,162,156,201,0.45995,202,0.46275,183,11,132,0.51267,0,21,35,5,13,2,8,0,4,1,4,5,7,15,20,6,15,10,14,11,20,11,20
162,Weber St.,Big Sky,163,168,48,0.57518,49,0.56608,52,19,137,0.50954,1,38,10,11,5,8,2,0,1,3,3,3,2,32,4,6,6,23,2,22,9,22,9
163,UAlbany,America East,164,174,137,0.50103,125,0.50593,195,24,278,0.41001,0,25,17,7,6,5,5,0,0,0,0,0,1,25,16,0,1,19,9,13,9,13,9
164,Providence,Big East,165,157,145,0.49629,144,0.49769,115,10,177,0.48431,0,25,21,9,11,3,7,0,0,0,2,1,6,24,13,1,8,20,6,14,8,14,8
165,Fordham,Atlantic 10,166,186,112,0.51565,113,0.51355,129,25,153,0.50255,1,30,20,13,7,8,2,0,0,1,3,2,7,27,10,3,10,20,6,12,12,12,12
166,Austin Peay,OVC,167,162,130,0.50418,126,0.50488,150,18,227,0.46206,0,30,23,12,11,7,3,0,1,0,0,5,10,25,12,5,11,20,7,13,11,13,11
167,UIC,Horizon,168,163,245,0.42811,250,0.43161,216,29,47,0.56604,0,13,32,5,14,4,6,0,1,0,8,0,1,13,22,0,10,12,17,3,17,3,17
168,Jacksonville,ASUN,169,165,226,0.43959,223,0.44729,230,11,146,0.5049,0,15,31,3,12,2,8,0,4,0,4,0,8,15,15,0,16,14,6,6,16,6,16
169,Portland St.,Big Sky,170,161,117,0.51241,117,0.51031,83,19,69,0.545,0,25,18,7,7,6,4,0,3,1,2,2,2,22,11,3,7,19,6,13,11,13,11
170,Mercer,SoCon,171,166,233,0.43519,235,0.43799,228,23,159,0.49602,0,16,40,5,18,3,7,0,6,0,2,0,11,16,21,0,19,15,17,9,27,9,27
171,CSU Bakersfield,Big West,172,167,268,0.40206,274,0.40696,213,16,120,0.52159,0,8,37,3,18,0,10,0,2,0,0,0,12,8,23,0,14,7,17,5,12,5,12
172,Stony Brook,America East,173,164,107,0.51949,103,0.52369,110,24,230,0.46015,0,31,16,8,9,7,3,0,1,0,2,1,0,30,13,1,3,19,6,21,10,21,10
173,Eastern Ky.,ASUN,174,172,246,0.4252,247,0.4329,271,11,197,0.4762,0,13,36,8,10,6,4,0,2,0,6,0,12,13,16,0,20,13,11,4,20,4,20
174,A&M-Corpus Christi,Southland,175,171,166,0.4806,163,0.4827,191,15,175,0.48631,0,25,27,9,11,6,4,0,0,0,4,5,10,20,13,5,14,16,10,12,18,12,18
175,Sacramento St.,Big Sky,176,188,133,0.50248,139,0.50038,161,19,221,0.465,0,30,25,9,13,5,5,0,0,0,10,2,4,28,11,2,14,24,8,16,17,16,17
176,Louisiana Tech,C-USA,177,175,90,0.53494,88,0.53494,123,7,231,0.45653,0,39,20,8,11,7,3,0,2,2,5,11,0,26,13,13,7,19,4,20,12,20,12
177,Radford,Big South,178,177,212,0.45321,207,0.45881,256,17,270,0.42176,0,19,29,6,11,6,4,0,0,0,0,0,14,19,15,0,14,17,11,7,12,7,12
178,Army West Point,Patriot,179,173,219,0.44496,216,0.45266,236,26,143,0.50627,0,20,34,7,13,2,8,0,3,0,4,2,7,18,20,2,14,16,13,10,26,10,26
179,Winthrop,Big South,180,176,240,0.43109,233,0.44019,268,17,251,0.44324,0,18,37,5,18,1,9,0,1,0,2,0,13,18,21,0,16,18,15,8,20,8,20
180,UIW,Southland,181,181,239,0.43172,249,0.43172,235,15,214,0.4677,0,15,36,6,15,2,8,0,0,0,2,2,11,13,23,2,13,13,18,10,21,10,21
181,Monmouth,MAAC,182,180,269,0.40155,268,0.40925,270,28,158,0.49638,0,11,38,5,15,4,6,0,0,0,0,2,4,9,34,2,4,8,25,5,24,5,24
182,Maine,America East,183,182,279,0.39233,283,0.39933,291,24,242,0.45018,0,8,37,4,19,2,8,0,0,0,3,0,2,8,32,0,5,5,19,3,22,3,22
183,Southeastern La.,Southland,184,185,86,0.53974,86,0.53764,81,15,179,0.4831,0,40,16,9,8,7,3,0,2,1,1,1,6,38,7,2,9,31,5,23,10,23,10
184,Bradley,MVC,185,183,153,0.48808,155,0.48668,141,12,202,0.47431,0,26,26,7,13,4,6,0,2,0,2,4,9,22,13,4,13,17,7,12,11,12,11
185,New Mexico,Mountain West,186,194,151,0.48911,158,0.48561,105,9,258,0.43593,0,26,27,9,13,2,8,0,1,2,8,1,5,23,13,3,14,22,10,20,9,20,9
186,Rider,MAAC,187,184,163,0.48182,166,0.48182,130,28,150,0.50364,0,28,25,11,16,4,6,0,0,0,0,1,7,27,18,1,7,25,15,17,14,17,14
187,UNLV,Mountain West,188,178,69,0.55425,66,0.55145,76,9,256,0.43726,0,39,13,11,4,8,2,0,1,4,5,3,1,32,6,7,7,25,5,22,6,22,6
188,Central Conn. St.,NEC,189,187,291,0.3774,289,0.39,263,30,99,0.53022,0,8,41,4,19,3,7,0,1,0,1,0,7,8,32,0,9,8,24,4,21,4,21
189,Jacksonville St.,ASUN,190,190,139,0.50092,138,0.50092,113,11,180,0.48228,0,31,24,5,13,5,5,0,0,0,3,6,9,25,12,6,12,19,5,17,11,17,11
190,North Ala.,ASUN,191,192,97,0.53037,97,0.52897,66,11,171,0.48928,0,38,18,10,10,6,4,0,1,0,5,6,6,32,6,6,12,28,4,21,7,21,7
191,Bellarmine,ASUN,192,191,280,0.39112,278,0.40372,250,11,192,0.4779,0,10,41,4,21,0,10,0,0,0,5,0,8,10,28,0,13,9,23,9,18,9,18
192,Central Mich.,MAC,193,189,160,0.48411,157,0.48621,201,22,157,0.49711,0,27,26,7,15,5,5,0,2,0,3,4,4,23,17,4,9,23,10,10,15,10,15
193,George Washington,Atlantic 10,194,206,92,0.53464,90,0.53464,124,25,163,0.49531,0,36,15,13,4,7,3,0,1,0,2,1,5,35,7,1,8,27,4,12,10,12,10
194,Elon,CAA,195,200,140,0.50027,136,0.50167,140,14,234,0.45442,0,30,22,5,10,6,4,0,2,0,0,4,6,26,14,4,8,19,5,17,12,17,12
195,North Dakota St.,Summit League,196,210,138,0.50094,137,0.50094,126,21,193,0.47769,0,30,23,7,12,5,5,0,2,0,6,4,4,26,11,4,12,21,9,18,13,18,13
196,Omaha,Summit League,197,233,91,0.53492,93,0.53282,122,21,220,0.46503,0,32,14,15,2,8,2,0,0,3,5,1,3,28,6,4,8,24,3,12,8,12,8
197,Penn,Ivy League,198,196,257,0.41799,259,0.41939,234,27,121,0.52105,0,12,31,6,12,3,7,0,1,0,2,0,6,12,22,0,9,12,17,5,17,5,17
198,Marist,MAAC,199,195,203,0.45897,198,0.46387,207,28,186,0.48032,0,25,30,12,15,5,5,0,1,0,2,1,4,24,23,1,7,21,17,13,19,13,19
199,IUPUI,Horizon,200,197,263,0.40901,270,0.40901,255,29,77,0.54058,0,12,38,5,15,3,7,0,0,0,0,1,5,11,33,1,5,10,23,3,21,3,21
200,UMass Lowell,America East,201,193,149,0.49162,145,0.49722,159,24,249,0.44519,0,28,20,15,10,5,5,0,0,0,1,0,3,28,16,0,4,23,7,16,11,16,11
201,Fairfield,MAAC,202,198,161,0.48371,159,0.48371,184,28,167,0.49151,0,25,22,9,13,8,2,0,0,1,1,0,7,24,14,1,8,22,9,10,15,10,15
202,Grand Canyon,WAC,203,204,82,0.54634,81,0.54074,82,20,181,0.4811,1,38,14,10,2,6,4,0,0,2,1,1,2,36,11,3,3,25,8,17,8,17,8
203,Mount St. Mary's,NEC,204,202,162,0.48239,164,0.48239,182,30,84,0.53627,0,26,22,10,15,5,5,0,0,0,2,2,7,24,13,2,9,23,10,9,15,9,15
204,Murray St.,OVC,205,222,94,0.5339,92,0.5339,149,18,286,0.39761,1,40,16,13,5,8,2,0,1,0,0,6,2,34,13,6,3,26,7,16,8,16,8
205,Charleston So.,Big South,206,205,174,0.47359,175,0.47709,220,17,291,0.38461,0,27,28,11,11,6,4,0,0,1,2,4,10,22,16,5,12,20,9,14,13,14,13
206,Montana,Big Sky,207,199,218,0.44506,221,0.44926,209,19,216,0.4667,0,17,27,4,10,2,8,0,0,0,3,0,2,17,22,0,5,14,11,10,14,10,14
207,Princeton,Ivy League,208,213,122,0.50785,122,0.50785,145,27,130,0.51551,1,27,15,11,5,7,3,0,1,0,1,2,3,25,10,2,5,25,6,8,10,8,10
208,Lamar University,WAC,209,209,266,0.40654,272,0.40794,231,20,162,0.49551,0,11,38,4,15,2,8,0,2,0,1,1,5,10,30,1,8,9,23,6,18,6,18
209,BYU,WCC,210,201,52,0.57054,55,0.56004,51,13,199,0.47568,0,42,10,12,3,10,0,0,3,2,0,5,5,35,2,7,8,26,1,29,8,29,8
210,Northern Colo.,Big Sky,211,207,198,0.46177,198,0.46387,218,19,236,0.45313,0,23,30,10,10,5,5,0,2,1,4,0,7,22,17,1,13,20,10,12,20,12,20
211,Eastern Ill.,OVC,212,208,207,0.45692,203,0.46252,192,18,260,0.43328,0,25,30,6,13,4,6,0,0,0,1,3,8,22,21,3,9,21,10,15,12,15,12
212,Yale,Ivy League,213,211,253,0.42333,255,0.42683,249,27,89,0.53455,0,11,23,6,8,4,6,0,0,1,1,0,3,10,19,1,4,9,14,2,11,2,11
213,UC Davis,Big West,214,217,189,0.46642,192,0.46642,153,16,187,0.47884,0,23,29,9,11,4,6,0,1,0,5,2,5,21,18,2,11,16,12,12,13,12,13
214,Idaho St.,Big Sky,215,212,185,0.46903,183,0.47113,179,19,244,0.44836,0,25,27,13,12,4,6,0,0,1,4,1,4,23,19,2,8,18,12,16,15,16,15
215,South Dakota,Summit League,216,232,156,0.48759,154,0.48689,133,21,205,0.47221,0,28,25,10,12,5,5,0,0,2,5,0,8,26,12,2,13,20,8,16,13,16,13
216,Cal Poly,Big West,217,214,215,0.45044,214,0.45394,260,16,223,0.4642,0,19,29,7,13,3,7,0,2,0,3,2,5,17,19,2,10,13,15,5,16,5,16
217,Santa Clara,WCC,218,223,221,0.44436,215,0.45346,237,13,245,0.44748,0,21,30,5,13,3,7,0,0,0,1,2,7,19,22,2,8,16,15,14,22,14,22
218,Indiana St.,MVC,219,215,182,0.4701,181,0.4729,167,12,235,0.45346,0,25,27,5,14,5,5,0,0,0,1,1,9,24,17,1,10,18,8,13,11,13,11
219,Col. of Charleston,CAA,220,216,261,0.40957,258,0.42147,286,14,264,0.42983,0,15,37,4,14,6,4,0,0,0,1,1,1,14,35,1,2,9,21,7,25,7,25
220,Oakland,Horizon,221,226,126,0.50616,124,0.50616,111,29,39,0.56972,1,26,15,12,9,6,4,0,4,0,1,0,0,26,10,0,5,22,9,5,8,5,8
221,UC Riverside,Big West,222,203,168,0.47837,169,0.48117,199,16,206,0.47205,0,25,24,8,5,8,2,0,0,0,5,2,5,23,14,2,10,18,5,9,13,9,13
222,Northwestern St.,Southland,223,218,147,0.49388,147,0.49388,136,15,239,0.45138,0,29,22,8,10,5,5,0,1,0,0,3,10,26,11,3,11,23,9,18,12,18,12
223,Gardner-Webb,Big South,224,219,243,0.42938,243,0.43428,245,17,290,0.38732,0,15,29,2,16,2,8,0,2,0,0,2,9,13,18,2,11,13,15,8,9,8,9
224,Bowling Green,MAC,225,245,127,0.50555,129,0.50415,134,22,198,0.4761,0,32,20,8,11,5,5,0,1,0,0,3,8,29,11,3,9,27,9,16,9,16,9
225,Valparaiso,MVC,226,220,254,0.42257,256,0.42537,219,12,276,0.41338,0,14,33,4,16,3,7,0,1,0,1,0,8,14,23,0,10,14,12,9,10,9,10
226,Pacific,WCC,227,221,265,0.40734,266,0.41154,267,13,263,0.43035,0,12,37,3,13,1,9,0,1,0,1,1,9,11,26,1,11,10,23,10,25,10,25
227,Saint Mary's (CA),WCC,228,242,235,0.43483,238,0.43693,233,13,255,0.43752,0,16,31,4,17,3,7,0,0,1,4,0,7,15,20,1,11,12,15,12,20,12,20
228,Houston Baptist,Southland,229,225,228,0.43846,224,0.44616,221,15,259,0.43335,0,19,29,6,12,7,3,0,0,0,2,1,9,18,18,1,11,18,12,12,14,12,14
229,Sacred Heart,NEC,230,228,278,0.39313,282,0.40013,252,30,165,0.49417,0,13,42,6,19,1,9,0,0,0,2,1,2,12,38,1,4,11,29,8,23,8,23
230,Canisius,MAAC,231,234,123,0.50724,118,0.51004,162,28,207,0.47154,1,32,16,13,11,10,0,0,1,0,2,1,4,31,9,1,7,29,6,13,12,13,12
231,Butler,Big East,232,224,116,0.51303,114,0.51303,180,10,265,0.42954,0,31,17,9,5,7,3,0,1,0,0,5,4,26,12,5,5,19,8,15,11,15,11
232,App State,Sun Belt,233,227,167,0.47973,161,0.48323,163,8,288,0.3954,0,29,26,8,15,3,7,0,1,1,2,2,10,26,13,3,13,21,5,19,9,19,9
233,Buffalo,MAC,234,229,195,0.46321,190,0.46741,208,22,261,0.43269,0,22,24,7,14,5,5,0,1,0,0,2,4,20,19,2,5,19,14,9,10,9,10
234,Utah Valley,WAC,235,230,187,0.46742,188,0.46882,190,20,210,0.47113,0,24,27,6,16,4,6,0,1,0,3,1,5,23,18,1,9,17,11,10,13,10,13
235,NIU,MAC,236,231,223,0.44301,231,0.44161,203,22,228,0.46152,0,17,28,9,11,4,6,0,1,0,0,1,2,16,25,1,3,13,19,7,10,7,10
236,Harvard,Ivy League,237,239,181,0.47115,178,0.47395,223,27,203,0.47342,0,22,20,11,11,6,4,0,0,0,0,1,7,21,13,1,7,19,8,6,12,6,12
237,Western Caro.,SoCon,238,235,247,0.42519,242,0.43429,206,23,200,0.4755,0,19,34,9,12,1,9,0,1,0,0,1,11,18,22,1,12,17,21,14,18,14,18
238,Chattanooga,SoCon,239,248,172,0.47641,168,0.48131,188,23,248,0.44563,1,29,25,6,10,8,2,0,0,0,2,5,9,24,14,5,11,22,10,16,16,16,16
239,USC Upstate,Big South,240,238,73,0.5524,63,0.5524,65,17,281,0.40765,0,48,10,13,4,7,3,0,1,0,0,4,5,44,4,4,6,39,3,26,2,26,2
240,Iona,MAAC,241,237,210,0.45541,209,0.45821,214,28,252,0.44165,0,23,26,11,14,4,6,0,0,0,0,0,4,23,22,0,4,22,15,11,14,11,14
241,Colgate,Patriot,242,236,229,0.4383,225,0.446,247,26,204,0.47228,0,20,28,8,16,3,7,0,0,0,0,1,13,19,15,1,13,18,11,11,19,11,19
242,Purdue Fort Wayne,Horizon,243,241,296,0.36382,295,0.37292,296,29,194,0.47767,0,7,42,3,21,0,10,0,0,0,0,0,4,7,38,0,4,7,31,1,22,1,22
243,Florida A&M,SWAC,244,240,248,0.4251,252,0.4293,232,31,93,0.53326,0,18,31,5,14,4,6,0,5,0,4,0,4,18,18,0,13,18,18,5,18,5,18
244,Presbyterian,Big South,245,244,115,0.51311,110,0.51661,157,17,293,0.38301,0,36,15,8,6,6,4,0,0,0,0,3,7,33,8,3,7,33,8,15,5,15,5
245,Binghamton,America East,246,243,208,0.4565,206,0.4614,226,24,284,0.40147,0,22,23,8,9,6,4,0,0,0,0,1,2,21,21,1,2,19,11,13,13,13,13
246,Bethune-Cookman,SWAC,247,247,205,0.45703,208,0.45843,244,31,168,0.49126,0,24,26,8,6,7,3,0,2,0,2,0,5,24,17,0,9,21,13,7,19,7,19
247,Cornell,Ivy League,248,246,232,0.43538,240,0.43538,155,27,152,0.50287,0,15,23,8,11,4,6,0,0,0,0,0,2,15,21,0,2,12,16,8,9,8,9
248,Dartmouth,Ivy League,249,252,214,0.45153,213,0.45643,246,27,209,0.47117,0,20,24,6,11,7,3,0,5,0,1,0,4,20,14,0,10,18,12,6,17,6,17
249,Detroit Mercy,Horizon,250,249,295,0.36576,296,0.37136,294,29,164,0.49451,0,6,36,3,21,3,7,0,1,0,0,0,0,6,35,0,1,6,24,0,15,0,15
250,UT Martin,OVC,251,250,144,0.49837,133,0.50257,210,18,299,0.36138,0,34,19,12,10,7,3,0,0,0,2,2,6,32,11,2,8,30,4,15,9,15,9
251,Evansville,MVC,252,253,204,0.45829,201,0.46319,154,12,280,0.40847,0,24,27,7,10,3,7,0,3,0,0,2,6,22,18,2,9,18,11,15,8,15,8
252,Robert Morris,Horizon,253,256,158,0.48604,153,0.48744,137,29,183,0.48062,0,31,21,15,10,5,5,0,1,0,2,0,1,31,17,0,4,25,12,11,10,11,10
253,Dayton,Atlantic 10,254,251,197,0.46178,205,0.46178,225,25,246,0.44723,0,22,24,8,9,6,4,0,0,0,3,1,4,21,17,1,7,18,11,7,12,7,12
254,Niagara,MAAC,255,254,264,0.40833,257,0.42163,272,28,247,0.44676,0,14,26,3,16,2,8,0,0,0,3,0,2,14,21,0,5,14,18,6,14,6,14
255,UNCW,CAA,256,261,110,0.51757,108,0.51967,121,14,285,0.39903,1,32,13,7,5,7,3,0,0,0,0,3,3,29,10,3,3,21,3,18,5,18,5
256,Manhattan,MAAC,257,258,284,0.38874,275,0.40624,285,28,257,0.436,0,13,32,4,13,2,8,0,0,0,2,0,2,13,28,0,4,12,22,6,19,6,19
257,Tennessee Tech,OVC,258,257,155,0.4876,152,0.4876,135,18,294,0.38271,0,32,22,12,9,2,8,0,1,0,0,1,8,31,13,1,9,25,6,18,6,18,6
258,Lafayette,Patriot,259,259,293,0.369,294,0.3844,280,26,243,0.44897,0,10,37,4,21,2,8,0,0,0,0,0,6,10,31,0,6,10,27,8,21,8,21
259,North Dakota,Summit League,260,255,276,0.39573,277,0.40553,269,21,267,0.42724,0,14,39,7,24,2,8,0,0,0,5,1,7,13,27,1,12,12,21,10,22,10,22
260,Cleveland St.,Horizon,261,260,213,0.45203,218,0.45203,258,29,189,0.47854,0,22,24,10,7,5,5,0,0,0,0,0,5,22,19,0,5,20,17,4,13,4,13
261,UMBC,America East,262,266,104,0.52334,104,0.52334,138,24,300,0.35826,1,31,10,8,4,7,3,0,0,0,0,1,0,30,10,1,0,20,6,16,4,16,4
262,Bryant,NEC,263,263,262,0.40943,260,0.41923,290,30,218,0.46634,0,15,27,7,18,5,5,0,2,0,0,0,2,15,23,0,4,14,20,2,16,2,16
263,Jackson St.,SWAC,264,262,236,0.43411,244,0.43411,239,31,142,0.50706,0,21,27,4,14,4,6,0,0,0,0,0,5,21,22,0,5,20,18,7,13,7,13
264,Drexel,CAA,265,264,200,0.46027,200,0.46377,148,14,271,0.41996,0,24,23,11,15,4,6,0,0,0,0,0,4,24,19,0,4,20,6,19,9,19,9
265,Rhode Island,Atlantic 10,266,265,289,0.3808,287,0.3913,278,25,272,0.4181,0,11,35,5,16,1,9,0,0,0,0,0,4,11,31,0,4,11,25,7,16,7,16
266,Siena,MAAC,267,268,199,0.46099,180,0.47359,242,28,277,0.41268,0,32,23,14,11,8,2,0,0,0,0,0,1,32,22,0,1,31,14,14,15,14,15
267,Howard,MEAC,268,280,202,0.45922,196,0.46482,253,32,225,0.46323,1,29,22,12,6,8,2,0,0,0,0,0,5,29,17,0,5,29,16,8,17,8,17
268,Western Mich.,MAC,269,267,249,0.42509,237,0.43769,265,22,282,0.40321,0,22,32,7,15,6,4,0,2,0,2,0,3,22,25,0,7,20,19,10,16,10,16
269,Tarleton St.,WAC,270,271,179,0.47212,184,0.47072,156,20,222,0.46453,0,29,23,8,12,4,6,0,0,0,1,2,5,27,17,2,6,26,10,15,13,15,13
270,Ark.-Pine Bluff,SWAC,271,277,299,0.33912,299,0.34472,274,31,61,0.55207,0,4,37,2,19,2,8,0,0,0,0,0,9,4,28,0,9,4,24,0,17,0,17
271,Merrimack,NEC,272,269,282,0.38985,273,0.40735,283,30,238,0.45156,0,14,28,3,14,6,4,0,0,0,0,0,4,14,24,0,4,14,17,4,14,4,14
272,LIU,NEC,273,279,224,0.44172,229,0.44312,240,30,250,0.44449,0,26,31,7,12,5,5,0,2,0,0,0,3,26,26,0,5,24,18,13,20,13,20
273,N.C. Central,MEAC,274,272,288,0.38171,293,0.38451,273,32,151,0.50345,0,12,36,1,20,3,7,0,0,0,0,0,4,12,32,0,4,12,24,3,21,3,21
274,George Mason,Atlantic 10,275,270,227,0.43946,222,0.44856,241,25,275,0.41593,0,24,26,7,12,7,3,0,0,0,0,1,4,23,22,1,4,23,13,12,14,12,14
275,South Carolina St.,MEAC,276,274,301,0.32066,301,0.33536,295,32,147,0.50435,0,3,37,2,17,0,10,0,0,0,0,0,2,3,35,0,2,3,32,1,18,1,18
276,Hartford,America East,277,273,281,0.39051,267,0.40941,289,24,295,0.38182,0,17,32,7,23,4,6,0,0,0,0,0,0,17,32,0,0,15,22,10,16,10,16
277,Mississippi Val.,SWAC,278,275,275,0.39752,284,0.39752,261,31,94,0.5331,0,11,26,1,14,2,8,0,0,0,1,0,4,11,21,0,5,10,18,1,10,1,10
278,Alabama St.,SWAC,279,278,242,0.42999,248,0.43279,262,31,240,0.45098,0,24,31,5,16,6,4,0,1,0,4,0,1,24,25,0,6,24,21,9,17,9,17
279,Saint Francis (PA),NEC,280,276,136,0.50176,135,0.50176,164,30,241,0.4502,1,37,16,13,11,10,0,0,1,0,0,0,6,37,9,0,7,36,8,17,12,17,12
280,Alcorn,SWAC,281,282,287,0.38223,291,0.38643,282,31,135,0.51176,0,12,31,3,17,1,9,0,1,0,2,0,5,12,23,0,8,12,21,0,17,0,17
281,Columbia,Ivy League,282,281,277,0.39435,280,0.40345,281,27,269,0.42266,0,12,26,8,10,4,6,0,1,0,0,0,1,12,24,0,2,11,17,4,13,4,13
282,Brown,Ivy League,283,283,258,0.41607,261,0.41887,224,27,262,0.43254,0,16,25,6,12,4,6,0,0,0,0,0,1,16,24,0,1,16,15,9,11,9,11
283,Quinnipiac,MAAC,284,284,286,0.38596,286,0.39436,279,28,287,0.39591,0,12,29,2,17,2,8,0,0,0,0,0,1,12,28,0,1,12,24,7,14,7,14
284,Coppin St.,MEAC,285,285,298,0.3481,298,0.3579,300,32,215,0.46694,0,8,37,2,21,5,5,0,0,0,0,0,4,8,33,0,4,8,29,0,21,0,21
285,Abilene Christian,WAC,286,286,220,0.44486,219,0.45046,248,20,283,0.40194,0,25,26,10,11,6,4,0,0,0,4,1,0,24,22,1,4,19,15,10,15,10,15
286,Wagner,NEC,287,287,270,0.40092,265,0.41352,284,30,279,0.40935,0,19,29,8,18,3,7,0,0,0,0,0,0,19,29,0,0,19,24,7,17,7,17
287,Southern U.,SWAC,288,289,290,0.38064,292,0.38624,275,31,73,0.54322,0,14,32,3,15,5,5,0,0,0,2,0,8,14,22,0,10,14,19,2,16,2,16
288,Delaware St.,MEAC,289,288,300,0.32783,300,0.33833,293,32,173,0.48725,0,4,32,1,13,1,9,0,0,0,1,0,3,4,28,0,4,3,25,1,15,1,15
289,Morgan St.,MEAC,290,291,178,0.47275,176,0.47625,176,32,229,0.46132,0,30,15,13,6,8,2,0,0,0,0,0,0,30,15,0,0,30,10,11,10,11,10
290,Holy Cross,Patriot,291,290,273,0.3985,262,0.4188,276,26,289,0.39204,0,21,29,8,17,8,2,0,0,0,0,0,8,21,21,0,8,21,18,13,19,13,19
291,Saint Peter's,MAAC,292,292,292,0.37284,276,0.40574,292,28,297,0.375,0,22,33,12,19,4,6,0,0,0,0,0,0,22,33,0,0,21,27,15,20,15,20
292,Fairleigh Dickinson,NEC,293,293,256,0.41917,253,0.42897,277,30,292,0.3832,0,24,25,13,11,5,5,0,0,0,0,0,2,24,23,0,2,22,22,10,15,10,15
293,UMES,MEAC,294,294,294,0.36698,290,0.38938,298,32,274,0.41678,0,18,33,6,15,4,6,0,0,0,0,0,3,18,30,0,3,17,27,5,23,5,23
294,Green Bay,Horizon,295,295,252,0.42358,251,0.43058,288,29,301,0.33743,0,25,25,13,13,5,5,0,0,0,0,0,0,25,25,0,0,24,21,8,13,8,13
295,Youngstown St.,Horizon,296,296,238,0.43264,226,0.44594,257,29,298,0.3622,0,32,24,14,13,6,4,0,0,0,1,0,0,32,23,0,1,31,19,15,13,15,13
296,Alabama A&M,SWAC,297,297,283,0.38898,288,0.39038,259,31,266,0.42804,0,14,24,6,13,6,4,0,0,0,0,0,3,14,21,0,3,14,20,3,6,3,6
297,Texas Southern,SWAC,298,298,244,0.42834,246,0.43324,287,31,201,0.47549,0,24,20,11,13,7,3,0,0,0,4,0,2,24,14,0,6,24,13,3,17,3,17
298,Prairie View,SWAC,299,299,285,0.38633,285,0.39473,297,31,232,0.455,1,20,28,8,16,8,2,0,0,0,0,0,3,20,25,0,3,20,23,3,19,3,19
299,Norfolk St.,MEAC,300,300,255,0.42167,245,0.43357,266,32,296,0.37751,0,32,23,9,9,4,6,0,0,0,0,0,3,32,20,0,3,32,18,13,16,13,16
300,Grambling,SWAC,301,301,297,0.35945,297,0.36505,301,31,273,0.41758,0,13,23,1,14,3,7,0,0,0,0,0,0,13,23,0,0,13,19,0,8,0,8
