Team,Conference,SOS,Prev SOS,Adj. RPI,Adj. RPI Value,RPI,RPI Value,WL,Adj. Non-Conf RPI,Non-Conf Record,Conf RPI,Conf. Record,Road WL,Last 10 Games,RPI 1-25,RPI 26-50,RPI 51-100,RPI 101+,vs TOP 100,vs below 150,NC SOS,NC SOS Value,advanced
Tennessee,SEC,1,1,12,0.6547,9,0.6414,39-16,16,23-7,1,16-9,9-5,7-3,8-12,11-4,7-0,13-0,26-16,9-0,10,0.60414,1
Oregon,Pac-12,2,2,17,0.63733,16,0.62193,31-17,5,21-3,2,10-14,14-8,6-4,0-11,9-4,14-2,8-0,23-17,2-0,3,0.61828,1
LSU,SEC,3,3,22,0.63004,20,0.61534,34-21,22,21-9,1,13-12,9-8,5-5,7-15,10-4,9-2,8-0,26-21,2-0,9,0.60423,1
Clemson,ACC,4,5,8,0.66091,10,0.63921,39-15,13,23-4,3,16-11,10-6,6-4,10-13,9-2,9-0,11-0,28-15,9-0,66,0.54792,1
Mississippi St.,SEC,5,4,30,0.60545,29,0.59845,33-24,36,22-9,1,11-15,5-11,4-6,8-16,4-2,10-4,11-2,22-22,8-1,36,0.57096,1
Utah,Pac-12,6,6,45,0.57959,42,0.57679,27-27,49,18-12,2,9-15,7-12,5-5,4-12,5-11,5-3,13-1,14-26,6-1,24,0.58218,0
Arkansas,SEC,7,7,4,0.67698,4,0.66298,44-9,12,22-4,1,22-5,13-3,9-1,11-5,17-4,8-0,8-0,36-9,3-0,45,0.56622,1
Virginia Tech,ACC,8,8,2,0.70234,2,0.66874,41-7,3,19-4,3,22-3,17-5,9-1,12-5,7-1,17-1,5-0,36-7,4-0,1,0.63942,1
Washington,Pac-12,9,12,16,0.64603,14,0.62783,35-15,10,21-5,2,14-10,9-5,6-4,9-8,9-4,7-3,10-0,25-15,8-0,30,0.57649,1
Alabama,SEC,10,9,5,0.67448,6,0.64928,41-11,4,25-2,1,16-9,11-6,5-5,13-8,11-3,8-0,9-0,32-11,8-0,8,0.60674,1
Minnesota,Big Ten,11,11,35,0.59616,37,0.57936,26-24-1,28,15-11-1,5,11-13,7-13-1,6-4,5-10-1,4-9,5-3,12-2,14-22-1,4-0,2,0.6211,1
Pittsburgh,ACC,12,10,95,0.53264,95,0.53124,14-27,71,12-7,3,2-20,2-11,1-9,1-13,0-1,4-9,9-4,5-23,6-1,90,0.53446,0
Kansas,Big 12,13,13,92,0.53464,98,0.52764,16-34,78,13-18,4,3-16,3-11,2-8,1-12,2-10,5-9,8-3,8-31,5-0,13,0.59696,0
Missouri,SEC,14,18,18,0.63617,22,0.61377,36-20,23,21-8,1,15-12,8-9,7-3,9-10,14-6,4-3,9-1,27-19,7-1,49,0.56281,1
Michigan,Big Ten,15,16,21,0.63053,19,0.61793,36-16,24,20-7,5,16-9,11-6,8-2,8-8,5-5,6-3,17-0,19-16,10-0,26,0.58132,1
Texas A&M,SEC,16,15,40,0.5862,38,0.5792,29-26,40,22-7,1,7-19,2-14,2-8,6-20,3-4,6-2,14-0,15-26,11-0,101,0.52989,1
Florida,SEC,17,14,13,0.65073,13,0.63043,43-16,15,28-4,1,15-12,15-4,7-3,9-11,13-3,3-1,18-1,25-15,11-0,72,0.54358,1
Louisville,ACC,18,17,44,0.58323,46,0.57553,27-25,42,17-9,3,10-16,6-14,3-7,3-16,1-2,12-6,11-1,16-24,8-0,42,0.56847,0
South Carolina,SEC,19,19,50,0.57182,54,0.56202,26-30,34,23-8,1,3-22,3-13,1-9,3-21,1-7,6-2,16-0,10-30,10-0,71,0.54381,0
Texas,Big 12,20,21,14,0.6484,17,0.619,38-17-1,8,25-10-1,4,13-7,12-6,6-4,5-13,4-2-1,20-1,9-1,29-16-1,4-0,6,0.60728,1
North Carolina,ACC,21,20,62,0.55949,59,0.55529,23-28,55,16-10,3,7-18,4-15,2-8,1-17,3-3,10-6,9-2,14-26,7-1,54,0.55773,0
Kentucky,SEC,22,22,24,0.62516,23,0.61256,35-17,25,22-5,1,13-12,11-7,5-5,6-12,12-4,2-1,15-0,20-17,11-0,87,0.53533,1
Oklahoma St.,Big 12,23,28,7,0.67102,11,0.63882,41-12,7,24-8,4,17-4,12-7,5-5,8-8,10-2,14-1,9-1,32-11,5-0,14,0.59365,1
Arizona St.,Pac-12,24,24,10,0.657,7,0.6458,39-9,27,19-5,2,20-4,10-3,7-3,9-3,12-3,6-3,12-0,27-9,7-0,91,0.53382,1
Ole Miss,SEC,25,23,26,0.62045,21,0.61415,39-17,26,26-4,1,13-13,9-8,7-3,10-12,5-3,5-1,19-1,20-16,10-0,115,0.5233,1
California,Pac-12,26,26,53,0.5684,50,0.5642,28-27-1,59,20-11-1,2,8-16,6-16-1,3-7,3-10,5-10,4-3-1,16-4,12-23-1,11-0,78,0.54005,0
Georgia Tech,ACC,27,25,23,0.62766,24,0.61226,37-16,18,25-2,3,12-14,10-8,6-4,2-12,6-2,15-2,14-0,23-16,8-0,125,0.51781,1
Ohio St.,Big Ten,28,30,25,0.62281,26,0.60811,35-15,20,20-5,5,15-10,13-5,7-3,2-7,7-4,9-3,17-1,18-14,8-0,29,0.57716,1
Iowa St.,Big 12,29,29,59,0.56153,58,0.55663,28-27,57,21-14,4,7-13,9-12,7-3,1-12,2-2,11-10,14-3,14-24,10-1,40,0.56948,0
Boston College,ACC,30,31,84,0.54059,82,0.54059,20-27,73,14-9,3,6-18,8-13,2-8,2-12,0-2,8-12,10-1,10-26,9-0,82,0.5386,0
UCLA,Pac-12,31,27,6,0.67284,5,0.65114,43-8,9,24-3,2,19-5,8-4,7-3,10-5,14-3,8-0,11-0,32-8,9-0,96,0.53223,1
Florida St.,ACC,32,35,3,0.69949,3,0.66589,52-5,2,30-0,3,22-5,19-1,10-0,19-2,0-0,18-3,15-0,37-5,8-0,45,0.56622,1
Duke,ACC,33,32,9,0.6593,8,0.6446,41-8,14,20-4,3,21-4,14-5,7-3,8-6,4-1,18-1,11-0,30-8,7-0,41,0.56876,1
Northwestern,Big Ten,34,33,11,0.65526,12,0.63356,40-10,6,20-5,5,20-5,10-4,7-3,10-5,6-3,6-2,18-0,22-10,8-0,12,0.59919,1
Virginia,ACC,35,37,56,0.56368,52,0.56368,27-24,109,14-11,3,13-13,9-11,5-5,3-12,1-6,13-3,10-3,17-21,9-2,166,0.4928,0
Charlotte,C-USA,36,34,33,0.59851,39,0.57891,35-23,19,21-9,7,14-14,9-10,7-3,1-6,6-6,15-8,13-3,22-20,6-2,5,0.60776,0
Texas Tech,Big 12,37,38,81,0.54708,79,0.54218,22-27,64,17-13,4,5-14,5-8,3-7,1-17,1-3,6-6,14-1,8-26,11-1,58,0.55522,0
Stanford,Pac-12,38,40,31,0.60245,31,0.59265,36-19,35,25-6,2,11-13,12-10,4-6,7-10,7-5,1-3,21-1,15-18,16-0,129,0.51653,1
Georgia,SEC,39,39,20,0.63115,25,0.61015,40-16,17,28-3,1,12-13,6-7,4-6,7-8,10-7,7-1,16-0,24-16,14-0,117,0.52227,1
Oregon St.,Pac-12,40,36,37,0.59245,33,0.58685,33-19,31,24-4,2,9-15,10-9,2-8,1-13,6-4,6-0,20-2,13-17,11-1,133,0.51229,1
Oklahoma,Big 12,41,42,1,0.70491,1,0.67201,49-2,1,30-0,4,19-2,15-1,9-1,8-2,6-0,27-0,8-0,41-2,2-0,37,0.57014,1
UAB,C-USA,42,41,75,0.55084,74,0.54664,25-24,74,12-13,7,13-11,8-10,4-6,0-5,2-7,9-8,14-4,11-20,10-2,20,0.5864,0
Wisconsin,Big Ten,43,43,38,0.59223,44,0.57613,28-19,33,15-7,5,13-12,10-6,3-7,3-8,6-8,5-2,14-1,14-18,8-1,59,0.55497,1
UCF,AAC,44,45,15,0.6472,15,0.6227,46-12,11,28-10,6,18-2,13-3,8-2,4-7,10-4,10-1,22-0,24-12,12-0,16,0.59012,1
Illinois,Big Ten,45,44,34,0.59716,35,0.58106,34-20,38,19-12,5,15-8,14-10,6-4,3-10,8-4,6-4,17-2,17-18,8-0,33,0.57415,1
San Diego,WCC,46,45,111,0.5158,128,0.5046,20-34,90,15-25,13,5-9,5-10,1-9,0-2,4-6,1-17,15-9,5-25,13-3,19,0.58648,0
Iowa,Big Ten,47,47,102,0.52832,105,0.52132,21-31,53,18-10,5,3-21,7-11,3-7,0-9,4-11,5-6,12-5,9-26,7-0,79,0.53906,0
Nebraska,Big Ten,48,51,28,0.6126,27,0.6049,40-14,44,20-9,5,20-5,12-8,7-3,5-3,7-4,10-5,18-2,22-12,5-0,65,0.54854,1
Houston,AAC,49,48,77,0.54922,80,0.54082,27-27-1,63,18-17,6,9-10-1,5-7-1,4-6,2-8,3-8,2-6,20-5-1,7-22,14-3,32,0.57434,0
Tulsa,AAC,50,52,114,0.51334,116,0.51194,18-30-1,117,11-20,6,7-10-1,5-16,4-6,0-8,1-10,6-8-1,11-4,7-26-1,10-3,31,0.57449,0
South Alabama,Sun Belt,51,49,67,0.55484,67,0.55134,25-21,91,8-13,8,17-8,10-7,6-4,0-6,1-6,6-7,18-2,7-19,9-0,22,0.58447,0
Arizona,Pac-12,52,53,43,0.58377,45,0.57607,33-20,39,25-4,2,8-16,6-8,6-4,3-12,5-5,7-3,18-0,15-20,17-0,182,0.4809,1
Baylor,Big 12,53,50,63,0.5582,68,0.5512,28-24,54,22-10,4,6-14,8-6,4-6,2-12,0-1,9-8,17-3,11-21,10-2,113,0.52484,0
Indiana,Big Ten,54,55,71,0.55329,60,0.55469,27-22,75,16-8,5,11-14,5-11,4-6,1-9,3-9,2-3,21-1,6-21,10-1,154,0.50122,0
FGCU,ASUN,55,54,132,0.50357,142,0.49937,18-33,101,9-18,11,9-15,5-12,5-5,2-9,0-7,6-3,10-14,8-19,7-8,11,0.59981,0
Penn St.,Big Ten,56,56,55,0.56487,53,0.56207,32-22,69,18-11,5,14-11,13-10,5-5,2-8,3-4,8-8,19-2,13-20,8-1,103,0.52965,0
Notre Dame,ACC,57,57,19,0.63407,18,0.61797,39-10,21,23-4,3,16-6,9-5,8-2,7-5,4-3,15-2,13-0,26-10,7-0,88,0.53489,1
Wichita St.,AAC,58,58,36,0.59275,36,0.58085,33-16,43,18-11,6,15-5,12-10,7-3,1-7,6-6,7-2,19-1,14-15,14-1,38,0.57008,1
Auburn,SEC,59,59,32,0.60189,30,0.59489,39-15,30,28-1,1,11-14,7-9,5-5,5-13,9-2,2-0,23-0,16-15,18-0,226,0.46213,1
Longwood,Big South,60,63,68,0.55429,72,0.54939,34-24,112,9-16,17,25-8,10-12,8-2,0-6,2-2,6-12,26-4,8-20,23-3,44,0.56632,0
Liberty,ASUN,61,64,29,0.60762,32,0.59082,43-16,37,17-15,11,26-1,14-4,8-2,3-10,1-2,15-1,24-3,19-13,13-2,7,0.60696,1
FIU,C-USA,62,61,143,0.49873,143,0.49873,19-31,85,14-12,7,5-19,3-13,2-8,0-5,0-6,2-12,17-8,2-23,16-5,57,0.55542,0
Middle Tenn.,C-USA,63,60,150,0.49062,149,0.49202,19-34,120,13-16,7,6-18,4-13,1-9,0-3,1-10,3-10,15-11,4-23,10-6,60,0.5525,0
New Mexico St.,WAC,64,62,193,0.464,197,0.464,13-38,172,5-18,20,8-20,5-14,3-7,0-4,0-4,1-10,12-20,1-18,10-7,27,0.57811,0
Hofstra,CAA,65,65,129,0.50478,130,0.50408,21-27,173,8-19,14,13-8,10-10,5-5,0-2,1-3,1-7,19-15,2-12,13-6,62,0.55185,0
Louisiana,Sun Belt,66,69,27,0.6171,28,0.6045,45-11,29,18-7,8,27-4,16-5,10-0,1-6,2-0,17-2,25-3,20-8,13-3,56,0.55556,1
James Madison,CAA,67,67,103,0.5254,106,0.5212,21-21,93,11-16,14,10-5,9-9,6-4,0-5,0-3,5-3,16-10,5-11,14-3,17,0.58863,0
St. John's (NY),Big East,68,66,211,0.45479,212,0.45689,12-35,171,7-17,10,5-18,3-22,2-8,0-0,0-4,0-6,12-25,0-10,8-8,35,0.57227,0
NC State,ACC,69,68,66,0.55499,70,0.55009,33-23,47,26-5,3,7-18,6-11,5-5,0-10,3-3,11-9,19-1,14-22,16-1,184,0.4806,0
Syracuse,ACC,70,70,87,0.53811,84,0.53811,26-21,103,18-5,3,8-16,6-13,6-4,1-11,1-4,6-2,18-4,8-17,14-3,268,0.42462,0
North Texas,C-USA,71,75,47,0.57729,41,0.57729,35-14,70,15-7,7,20-7,13-7,8-2,0-3,4-2,13-7,18-2,17-12,14-1,144,0.50611,1
Fresno St.,Mountain West,72,78,165,0.4807,170,0.4807,19-36,198,9-22,9,10-14,6-18,4-6,0-6,0-11,2-7,17-12,2-24,15-11,123,0.51986,0
McNeese,Southland,73,73,58,0.56231,57,0.55671,38-19,77,21-16,15,17-3,14-6,9-1,0-5,2-4,8-6,28-4,10-15,22-3,70,0.54475,1
Michigan St.,Big Ten,74,72,113,0.51343,115,0.51203,24-28,106,20-11,5,4-17,5-15,3-7,1-9,0-7,4-6,19-6,5-22,14-1,217,0.46668,0
UTSA,C-USA,75,74,152,0.4886,151,0.49,18-30,194,7-17,7,11-13,8-11,4-6,0-2,2-5,5-11,11-12,7-18,8-3,95,0.53299,0
Kansas City,Summit League,76,71,196,0.46247,204,0.46247,13-34,189,4-22,21,9-12,0-17,5-5,0-7,0-8,1-8,12-11,1-23,11-5,21,0.58589,0
Texas St.,Sun Belt,77,83,51,0.57179,51,0.56409,38-19,58,16-9,8,22-10,18-7,8-2,1-4,2-7,9-3,26-5,12-14,18-2,127,0.51716,0
Memphis,AAC,78,77,188,0.46676,187,0.46886,16-38,169,14-21,6,2-17,0-12,0-10,0-6,0-9,1-11,15-12,1-26,9-4,136,0.51099,0
Western Ky.,C-USA,79,85,41,0.58557,34,0.58277,38-13,32,18-4,7,20-9,6-9,7-3,1-1,2-6,9-4,26-2,12-11,17-0,97,0.53161,0
Maryland,Big Ten,80,76,83,0.54073,85,0.53793,29-23,116,14-14,5,15-9,13-6,5-5,2-7,2-3,4-5,21-8,8-15,7-3,131,0.51406,0
Coastal Carolina,Sun Belt,81,81,119,0.51097,121,0.50817,25-29,95,14-9,8,11-20,4-12,7-3,0-2,0-6,5-11,20-10,5-19,18-1,172,0.48815,0
Fla. Atlantic,C-USA,82,79,105,0.52301,99,0.52721,29-26,165,13-15,7,16-11,7-7,6-4,0-2,4-9,6-8,19-7,10-19,13-4,188,0.47883,0
Rutgers,Big Ten,83,80,124,0.50681,119,0.50961,25-28,84,22-11,5,3-17,3-13,2-8,0-4,1-10,3-9,21-5,4-23,17-3,145,0.50528,0
UTEP,C-USA,84,84,192,0.46434,195,0.46574,15-34,187,10-15,7,5-19,2-17,3-7,0-1,0-9,2-12,13-12,2-22,11-11,170,0.49006,0
Illinois St.,MVC,85,86,131,0.50406,132,0.50266,24-28,128,9-14,12,15-14,5-15,5-5,0-3,0-4,3-7,21-14,3-14,14-10,68,0.54637,0
Delaware,CAA,86,82,80,0.54805,75,0.54595,29-16,80,17-10,14,12-6,9-7,5-5,0-1,0-0,5-3,24-12,5-4,13-3,138,0.50938,0
Kennesaw St.,ASUN,87,88,135,0.50192,131,0.50332,23-28,147,9-14,11,14-14,7-18,8-2,0-6,0-3,0-15,23-4,0-24,18-2,114,0.52447,0
DePaul,Big East,88,87,101,0.52895,100,0.52685,29-24,127,13-16,10,16-8,12-9,5-5,0-3,1-6,4-6,24-9,5-15,18-1,74,0.54318,0
San Diego St.,Mountain West,89,89,49,0.57399,47,0.56909,37-14,72,17-10,9,20-4,12-2,8-2,1-2,3-3,3-5,30-4,7-10,23-3,126,0.51776,1
Purdue,Big Ten,90,93,127,0.50555,134,0.50205,24-31,118,17-15,5,7-16,6-15,5-5,0-8,2-2,2-10,20-11,4-20,10-2,159,0.49602,0
Drake,MVC,91,92,146,0.49446,148,0.49236,21-29,175,6-16,12,15-13,5-13,4-6,0-5,1-2,4-7,16-15,5-14,13-9,83,0.5378,0
Southern Utah,Big Sky,92,94,271,0.40002,281,0.40072,3-40,254,3-22,19,0-18,0-16,0-10,0-1,1-8,0-5,2-26,1-14,2-18,105,0.52936,0
Akron,MAC,93,91,183,0.46938,186,0.46938,18-32,174,5-16,22,13-16,7-16,2-8,0-2,0-1,0-9,18-20,0-12,17-15,18,0.58741,0
St. Thomas (MN),Summit League,94,90,217,0.44817,220,0.45027,14-36,211,6-23,21,8-13,6-14,2-8,0-3,1-5,1-7,12-21,2-15,11-13,52,0.5606,0
Troy,Sun Belt,95,95,79,0.54841,83,0.53861,31-21,56,14-7,8,17-14,7-10,4-6,2-3,1-5,5-6,23-7,8-14,14-3,128,0.51701,0
Boston U.,Patriot,96,99,54,0.56746,56,0.55976,40-17,48,24-14,26,16-3,18-6,6-4,1-6,1-3,7-7,31-1,9-16,23-0,28,0.57738,0
Villanova,Big East,97,103,88,0.53621,89,0.53481,32-22,108,16-15,10,16-7,12-11,7-3,0-4,0-3,5-8,27-7,5-15,19-2,85,0.536,1
Southern Miss.,C-USA,98,97,100,0.5292,102,0.5243,29-23,62,20-8,7,9-15,9-10,3-7,1-1,5-6,2-10,21-6,8-17,19-5,148,0.50407,0
SIUE,OVC,99,96,190,0.46583,193,0.46583,19-35,168,9-14,18,10-21,1-20,4-6,0-0,0-1,1-9,18-25,1-10,8-14,118,0.52193,0
Nicholls,Southland,100,98,231,0.43726,232,0.44146,12-38,215,8-22,15,4-16,5-17,2-8,0-3,0-3,0-16,12-16,0-22,10-10,124,0.51864,0
Campbell,Big South,101,106,74,0.55189,65,0.55189,37-17,104,13-10,17,24-7,14-7,8-2,0-1,0-2,7-9,30-5,7-12,28-2,139,0.50871,1
Cal St. Fullerton,Big West,102,102,64,0.55613,76,0.54563,36-20,50,16-13,16,20-7,13-6,5-5,1-4,3-3,5-4,27-9,9-11,23-3,23,0.58339,1
California Baptist,WAC,103,100,108,0.51855,109,0.51715,30-26,89,18-14,20,12-12,5-12,6-4,0-3,0-5,4-8,26-10,4-16,19-5,110,0.52545,0
South Fla.,AAC,104,113,39,0.59109,40,0.57849,44-14,41,30-8,6,14-6,11-2,8-2,4-8,4-2,4-0,32-4,12-10,23-2,155,0.50022,1
UConn,Big East,105,104,60,0.56126,61,0.55426,38-18,96,18-14,10,20-4,14-5,6-4,1-3,0-2,6-5,31-8,7-10,21-1,104,0.52947,0
Bucknell,Patriot,106,101,260,0.41122,264,0.41472,7-38,227,4-23,26,3-15,4-17,2-8,0-2,0-2,0-13,7-21,0-17,6-17,48,0.56558,0
Colorado St.,Mountain West,107,122,169,0.47789,172,0.47789,18-28,193,9-13,9,9-15,2-13,4-6,0-1,0-9,1-5,17-13,1-15,17-9,190,0.47841,0
Creighton,Big East,108,105,194,0.46373,193,0.46583,15-27,139,10-10,10,5-17,4-16,1-9,0-0,0-3,0-7,15-17,0-10,11-10,134,0.51219,0
Long Beach St.,Big West,109,119,99,0.52938,101,0.52588,29-22,87,10-14,16,19-8,8-8,7-3,0-6,1-3,3-5,25-8,4-14,17-5,25,0.58176,0
Missouri St.,MVC,110,126,85,0.54008,87,0.53518,27-18,102,7-11,12,20-7,8-7,7-3,1-4,1-2,1-3,24-9,3-9,14-3,55,0.55703,1
Lehigh,Patriot,111,131,96,0.53247,94,0.53247,30-18-1,114,14-15-1,26,16-3,10-7,8-2,0-3,0-2,5-5,25-8-1,5-10,23-4,43,0.56823,1
East Carolina,AAC,112,107,186,0.46845,185,0.47055,20-36,160,18-19,6,2-17,6-12,1-9,0-7,0-7,0-7,20-15,0-21,17-5,176,0.48499,0
Furman,SoCon,113,109,171,0.47709,173,0.47779,22-33,146,12-21,23,10-12,5-21,4-6,0-8,1-3,2-8,19-14,3-19,17-12,63,0.55082,0
Central Ark.,ASUN,114,108,76,0.55049,78,0.54279,35-20,67,16-11,11,19-9,12-11,7-3,2-4,1-3,6-8,26-5,9-15,16-1,102,0.52971,0
Nevada,Mountain West,115,111,209,0.45596,210,0.45736,17-35,217,10-18,9,7-17,4-16,4-6,0-1,0-9,1-3,16-22,1-13,13-19,195,0.4775,0
Georgia St.,Sun Belt,116,112,173,0.47531,171,0.47811,21-33,200,9-16,8,12-17,4-23,5-5,0-5,1-3,1-8,19-17,2-16,11-10,161,0.49558,0
Marshall,C-USA,117,114,78,0.54915,73,0.54775,35-18,86,18-7,7,17-11,7-11,5-5,0-0,6-7,2-5,27-6,8-12,17-4,219,0.46538,0
Lipscomb,ASUN,118,110,180,0.47181,179,0.47391,20-32,166,10-17,11,10-15,3-9,4-6,0-2,0-3,3-12,17-15,3-17,12-6,86,0.53567,0
UT Arlington,Sun Belt,119,117,141,0.49954,146,0.49534,22-27,131,10-10,8,12-17,6-13,2-8,1-1,0-7,3-10,18-9,4-18,12-8,178,0.4843,0
Saint Joseph's,Atlantic 10,120,116,134,0.5024,140,0.4996,23-23,125,8-13,25,15-10,12-9,6-4,0-2,0-1,3-8,20-12,3-11,17-9,34,0.57363,0
N.C. A&T,Big South,121,121,234,0.4349,234,0.4384,13-35,178,10-13,17,3-22,1-17,1-9,0-0,0-2,0-11,13-22,0-13,13-18,141,0.50753,0
Loyola Chicago,MVC,122,118,191,0.46564,191,0.46704,17-30,177,6-12,12,11-18,6-16,4-6,0-2,0-2,2-11,15-15,2-15,11-9,107,0.52754,0
Seattle U,WAC,123,123,106,0.52117,107,0.52117,32-24,97,14-13,20,18-11,10-8,7-3,0-3,0-4,2-4,30-13,2-11,24-6,81,0.53881,0
Southeast Mo. St.,OVC,124,120,118,0.51172,112,0.51452,30-24,144,11-12,18,19-12,5-19,6-4,0-2,0-4,4-8,26-10,4-14,21-8,156,0.49734,0
UC Santa Barbara,Big West,125,115,222,0.44375,227,0.44375,15-39,158,9-18,16,6-21,5-10,3-7,0-3,0-5,0-8,15-23,0-16,11-15,53,0.55788,0
Saint Louis,Atlantic 10,126,124,164,0.4817,167,0.4817,22-29,151,8-17,25,14-12,7-10,2-8,0-1,0-5,3-11,19-12,3-17,16-8,50,0.5622,0
ULM,Sun Belt,127,127,142,0.49947,141,0.49947,27-27,98,17-9,8,10-18,7-14,3-7,0-0,0-6,5-10,22-11,5-16,17-5,169,0.49022,0
UC San Diego,Big West,128,125,125,0.50623,127,0.50483,27-26,94,12-14,16,15-12,10-8,6-4,0-4,0-3,3-7,24-12,3-14,17-6,51,0.56199,0
Dixie St.,WAC,129,128,184,0.46937,189,0.46797,19-32,186,11-16,20,8-16,6-16,4-6,0-0,0-4,3-8,16-20,3-12,13-7,191,0.47799,0
ETSU,SoCon,130,129,267,0.40645,268,0.40925,8-48,264,4-32,23,4-16,4-22,2-8,0-4,0-2,0-13,8-29,0-19,8-23,116,0.52266,0
UNI,MVC,131,137,70,0.55348,71,0.54998,32-14,107,9-10,12,23-4,15-5,7-3,0-0,1-6,3-2,28-6,4-8,17-3,100,0.53005,0
North Florida,ASUN,132,139,65,0.55541,62,0.55401,42-17,61,23-7,11,19-10,11-5,4-6,0-5,0-5,6-1,36-6,6-11,23-2,185,0.48048,0
Boise St.,Mountain West,133,130,42,0.584,43,0.5763,40-10,45,21-5,9,19-5,19-4,10-0,0-0,2-3,5-6,33-1,7-9,28-1,174,0.48707,0
Ga. Southern,Sun Belt,134,133,225,0.44051,228,0.44331,13-34,251,7-15,8,6-19,4-13,4-6,0-1,1-2,1-12,11-19,2-15,10-10,237,0.4525,0
Ball St.,MAC,135,134,175,0.47333,177,0.47473,22-31,181,7-17,22,15-14,8-13,4-6,1-4,0-1,1-7,20-19,2-12,19-14,75,0.54247,0
San Jose St.,Mountain West,136,135,177,0.47285,174,0.47775,22-29,170,14-12,9,8-17,7-13,2-8,0-0,0-7,2-4,20-18,2-11,15-15,224,0.4634,0
Hawaii,Big West,137,132,120,0.50956,123,0.50746,23-19,100,5-9,16,18-10,8-9,6-4,0-2,0-0,5-8,18-9,5-10,16-8,4,0.61463,0
Western Ill.,Summit League,138,136,259,0.41306,263,0.41586,8-37,243,4-20,21,4-17,1-15,1-9,0-1,0-7,1-8,7-21,1-16,7-16,122,0.52057,0
St. Bonaventure,Atlantic 10,139,143,272,0.39928,279,0.40348,8-38,204,7-15,25,1-23,3-21,1-9,0-0,0-0,0-3,8-35,0-3,7-21,64,0.54873,0
UNC Greensboro,SoCon,140,142,72,0.55293,77,0.54523,39-18,68,21-14,23,18-4,9-8,6-4,0-4,1-1,10-6,28-7,11-11,25-3,98,0.53058,0
Toledo,MAC,141,141,250,0.42474,254,0.42894,12-37,202,7-16,22,5-21,6-20,3-7,0-3,0-2,0-6,12-26,0-11,12-19,109,0.52587,0
Northern Ky.,Horizon,142,145,159,0.48434,162,0.48294,27-29,92,11-14,29,16-15,15-12,7-3,0-6,0-0,2-3,25-20,2-9,22-14,15,0.59033,0
LMU (CA),WCC,143,138,57,0.5629,63,0.5524,36-15,60,23-13,13,13-2,9-2,8-2,1-4,3-5,5-3,27-3,9-12,21-2,140,0.5087,1
Tennessee St.,OVC,144,146,251,0.4247,241,0.4352,15-39,238,9-17,18,6-22,5-17,3-7,0-3,0-2,2-7,13-27,2-12,12-17,212,0.46908,0
Towson,CAA,145,144,237,0.43364,236,0.43784,14-33,222,10-17,14,4-16,2-13,1-9,0-0,0-0,2-8,12-25,2-8,9-14,196,0.47693,0
SFA,WAC,146,159,121,0.50855,120,0.50855,31-24,142,10-17,20,21-7,13-11,6-4,0-2,0-5,3-10,28-8,3-17,21-7,76,0.54159,0
South Dakota St.,Summit League,147,179,46,0.57878,48,0.56688,40-11,46,19-8,21,21-3,18-5,9-1,0-0,3-4,7-3,30-4,10-7,25-1,111,0.52512,1
Southern Ill.,MVC,148,149,109,0.5178,111,0.5157,27-19-1,99,11-8-1,12,16-11,11-8-1,7-3,0-3,1-0,2-7-1,24-9,3-10-1,20-6,149,0.50366,0
Samford,SoCon,149,148,98,0.52953,96,0.52953,34-19,88,16-14,23,18-5,12-9,6-4,0-0,0-5,4-7,30-7,4-12,24-4,67,0.54671,0
Belmont,OVC,150,169,89,0.53545,91,0.53405,33-17,132,10-7,18,23-10,9-12,5-5,0-0,0-2,6-7,27-8,6-9,21-1,254,0.44026,0
CSUN,Big West,151,140,157,0.48757,160,0.48337,24-30,143,10-17,16,14-13,11-10,7-3,0-3,2-7,0-7,22-13,2-17,19-3,105,0.52936,0
Morehead St.,OVC,152,150,274,0.39828,271,0.40878,8-36,299,1-16,18,7-20,2-17,3-7,0-0,0-0,1-8,7-28,1-8,6-17,253,0.44069,0
Utah St.,Mountain West,153,147,148,0.49202,150,0.49132,28-28,185,15-16,9,13-12,11-15,3-7,0-0,2-5,2-4,24-19,4-9,22-15,233,0.45448,0
Ohio,MAC,154,151,154,0.48782,156,0.48642,23-25,212,6-15,22,17-10,9-7,4-6,0-4,0-2,3-2,20-17,3-8,18-15,112,0.52496,0
Miami (OH),MAC,155,170,61,0.56066,69,0.55086,40-15-1,79,16-10-1,22,24-5,17-5,8-2,2-6,2-0,2-1-1,34-8,6-7-1,29-7,119,0.52183,1
Massachusetts,Atlantic 10,156,153,206,0.45701,211,0.45701,19-32,205,7-18,25,12-14,8-11,2-8,0-3,0-3,0-8,19-18,0-14,17-11,108,0.52673,0
Kent St.,MAC,157,152,176,0.47291,182,0.47151,20-28,119,9-11,22,11-17,8-17,4-6,0-5,0-0,1-8,19-15,1-13,14-13,92,0.53359,0
Sam Houston,WAC,158,160,230,0.43764,239,0.43624,15-39,196,7-22,20,8-17,6-18,4-6,0-2,0-4,2-9,13-24,2-15,10-13,80,0.53882,0
Seton Hall,Big East,159,158,170,0.47787,165,0.48207,20-23,152,11-9,10,9-14,13-7,4-6,0-0,0-2,1-5,19-16,1-7,11-7,211,0.46943,0
Hampton,Big South,160,154,241,0.43022,230,0.44212,19-36,229,12-16,17,7-20,5-15,2-8,0-0,0-0,1-10,18-26,1-10,18-21,208,0.47141,0
Georgetown,Big East,161,155,216,0.44962,217,0.45242,15-28,197,10-12,10,5-16,5-13,3-7,0-0,0-0,1-7,14-21,1-7,12-8,213,0.46893,0
Stetson,ASUN,162,156,201,0.45995,202,0.46275,21-35,183,11-20,11,10-15,5-13,2-8,0-4,1-4,5-7,15-20,6-15,10-14,132,0.51267,0
Weber St.,Big Sky,163,168,48,0.57518,49,0.56608,38-10,52,22-9,19,16-1,11-5,8-2,0-1,3-3,3-2,32-4,6-6,23-2,137,0.50954,1
UAlbany,America East,164,174,137,0.50103,125,0.50593,25-17,195,13-9,24,12-8,7-6,5-5,0-0,0-0,0-1,25-16,0-1,19-9,278,0.41001,0
Providence,Big East,165,157,145,0.49629,144,0.49769,25-21,115,14-8,10,11-13,9-11,3-7,0-0,0-2,1-6,24-13,1-8,20-6,177,0.48431,0
Fordham,Atlantic 10,166,186,112,0.51565,113,0.51355,30-20,129,12-12,25,18-8,13-7,8-2,0-0,1-3,2-7,27-10,3-10,20-6,153,0.50255,1
Austin Peay,OVC,167,162,130,0.50418,126,0.50488,30-23,150,13-11,18,17-12,12-11,7-3,0-1,0-0,5-10,25-12,5-11,20-7,227,0.46206,0
UIC,Horizon,168,163,245,0.42811,250,0.43161,13-32,216,3-17,29,10-15,5-14,4-6,0-1,0-8,0-1,13-22,0-10,12-17,47,0.56604,0
Jacksonville,ASUN,169,165,226,0.43959,223,0.44729,15-31,230,6-16,11,9-15,3-12,2-8,0-4,0-4,0-8,15-15,0-16,14-6,146,0.5049,0
Portland St.,Big Sky,170,161,117,0.51241,117,0.51031,25-18,83,13-11,19,12-7,7-7,6-4,0-3,1-2,2-2,22-11,3-7,19-6,69,0.545,0
Mercer,SoCon,171,166,233,0.43519,235,0.43799,16-40,228,9-27,23,7-13,5-18,3-7,0-6,0-2,0-11,16-21,0-19,15-17,159,0.49602,0
CSU Bakersfield,Big West,172,167,268,0.40206,274,0.40696,8-37,213,5-12,16,3-25,3-18,0-10,0-2,0-0,0-12,8-23,0-14,7-17,120,0.52159,0
Stony Brook,America East,173,164,107,0.51949,103,0.52369,31-16,110,21-10,24,10-6,8-9,7-3,0-1,0-2,1-0,30-13,1-3,19-6,230,0.46015,0
Eastern Ky.,ASUN,174,172,246,0.4252,247,0.4329,13-36,271,4-20,11,9-16,8-10,6-4,0-2,0-6,0-12,13-16,0-20,13-11,197,0.4762,0
A&M-Corpus Christi,Southland,175,171,166,0.4806,163,0.4827,25-27,191,12-18,15,13-9,9-11,6-4,0-0,0-4,5-10,20-13,5-14,16-10,175,0.48631,0
Sacramento St.,Big Sky,176,188,133,0.50248,139,0.50038,30-25,161,16-17,19,14-8,9-13,5-5,0-0,0-10,2-4,28-11,2-14,24-8,221,0.465,0
Louisiana Tech,C-USA,177,175,90,0.53494,88,0.53494,39-20,123,20-12,7,19-8,8-11,7-3,0-2,2-5,11-0,26-13,13-7,19-4,231,0.45653,0
Radford,Big South,178,177,212,0.45321,207,0.45881,19-29,256,7-12,17,12-17,6-11,6-4,0-0,0-0,0-14,19-15,0-14,17-11,270,0.42176,0
Army West Point,Patriot,179,173,219,0.44496,216,0.45266,20-34,236,10-26,26,10-8,7-13,2-8,0-3,0-4,2-7,18-20,2-14,16-13,143,0.50627,0
Winthrop,Big South,180,176,240,0.43109,233,0.44019,18-37,268,8-20,17,10-17,5-18,1-9,0-1,0-2,0-13,18-21,0-16,18-15,251,0.44324,0
UIW,Southland,181,181,239,0.43172,249,0.43172,15-36,235,10-21,15,5-15,6-15,2-8,0-0,0-2,2-11,13-23,2-13,13-18,214,0.4677,0
Monmouth,MAAC,182,180,269,0.40155,268,0.40925,11-38,270,5-24,28,6-14,5-15,4-6,0-0,0-0,2-4,9-34,2-4,8-25,158,0.49638,0
Maine,America East,183,182,279,0.39233,283,0.39933,8-37,291,3-22,24,5-15,4-19,2-8,0-0,0-3,0-2,8-32,0-5,5-19,242,0.45018,0
Southeastern La.,Southland,184,185,86,0.53974,86,0.53764,40-16,81,23-10,15,17-6,9-8,7-3,0-2,1-1,1-6,38-7,2-9,31-5,179,0.4831,0
Bradley,MVC,185,183,153,0.48808,155,0.48668,26-26,141,12-11,12,14-15,7-13,4-6,0-2,0-2,4-9,22-13,4-13,17-7,202,0.47431,0
New Mexico,Mountain West,186,194,151,0.48911,158,0.48561,26-27,105,20-9,9,6-18,9-13,2-8,0-1,2-8,1-5,23-13,3-14,22-10,258,0.43593,0
Rider,MAAC,187,184,163,0.48182,166,0.48182,28-25-1,130,17-14-1,28,11-11,11-16-1,4-6-1,0-0,0-0,1-7,27-18-1,1-7,25-15,150,0.50364,0
UNLV,Mountain West,188,178,69,0.55425,66,0.55145,39-13,76,22-6,9,17-7,11-4,8-2,0-1,4-5,3-1,32-6,7-7,25-5,256,0.43726,0
Central Conn. St.,NEC,189,187,291,0.3774,289,0.39,8-41,263,4-21,30,4-20,4-19,3-7,0-1,0-1,0-7,8-32,0-9,8-24,99,0.53022,0
Jacksonville St.,ASUN,190,190,139,0.50092,138,0.50092,31-24,113,17-11,11,14-13,5-13,5-5,0-0,0-3,6-9,25-12,6-12,19-5,180,0.48228,0
North Ala.,ASUN,191,192,97,0.53037,97,0.52897,38-18,66,21-7,11,17-11,10-10,6-4,0-1,0-5,6-6,32-6,6-12,28-4,171,0.48928,0
Bellarmine,ASUN,192,191,280,0.39112,278,0.40372,10-41,250,9-18,11,1-23,4-21,0-10,0-0,0-5,0-8,10-28,0-13,9-23,192,0.4779,0
Central Mich.,MAC,193,189,160,0.48411,157,0.48621,27-26,201,10-15,22,17-11,7-15,5-5,0-2,0-3,4-4,23-17,4-9,23-10,157,0.49711,0
George Washington,Atlantic 10,194,206,92,0.53464,90,0.53464,36-15,124,12-10,25,24-5,13-4,7-3,0-1,0-2,1-5,35-7,1-8,27-4,163,0.49531,0
Elon,CAA,195,200,140,0.50027,136,0.50167,30-22,140,17-12,14,13-10,5-10,6-4,0-2,0-0,4-6,26-14,4-8,19-5,234,0.45442,0
North Dakota St.,Summit League,196,210,138,0.50094,137,0.50094,30-23,126,18-13,21,12-10,7-12,5-5,0-2,0-6,4-4,26-11,4-12,21-9,193,0.47769,0
Omaha,Summit League,197,233,91,0.53492,93,0.53282,32-14,122,12-8,21,20-6,15-2,8-2,0-0,3-5,1-3,28-6,4-8,24-3,220,0.46503,0
Penn,Ivy League,198,196,257,0.41799,259,0.41939,12-31,234,5-17,27,7-14,6-12,3-7,0-1,0-2,0-6,12-22,0-9,12-17,121,0.52105,0
Marist,MAAC,199,195,203,0.45897,198,0.46387,25-30,207,13-19,28,12-11,12-15,5-5,0-1,0-2,1-4,24-23,1-7,21-17,186,0.48032,0
IUPUI,Horizon,200,197,263,0.40901,270,0.40901,12-38,255,3-21,29,9-17,5-15,3-7,0-0,0-0,1-5,11-33,1-5,10-23,77,0.54058,0
UMass Lowell,America East,201,193,149,0.49162,145,0.49722,28-20,159,16-11,24,12-9,15-10,5-5,0-0,0-1,0-3,28-16,0-4,23-7,249,0.44519,0
Fairfield,MAAC,202,198,161,0.48371,159,0.48371,25-22,184,10-15,28,15-7,9-13,8-2,0-0,1-1,0-7,24-14,1-8,22-9,167,0.49151,0
Grand Canyon,WAC,203,204,82,0.54634,81,0.54074,38-14,82,17-8,20,21-6,10-2,6-4,0-0,2-1,1-2,36-11,3-3,25-8,181,0.4811,1
Mount St. Mary's,NEC,204,202,162,0.48239,164,0.48239,26-22,182,9-15,30,17-7,10-15,5-5,0-0,0-2,2-7,24-13,2-9,23-10,84,0.53627,0
Murray St.,OVC,205,222,94,0.5339,92,0.5339,40-16-1,149,16-8-1,18,24-8,13-5,8-2,0-1,0-0,6-2,34-13-1,6-3,26-7,286,0.39761,1
Charleston So.,Big South,206,205,174,0.47359,175,0.47709,27-28,220,14-13,17,13-15,11-11,6-4,0-0,1-2,4-10,22-16,5-12,20-9,291,0.38461,0
Montana,Big Sky,207,199,218,0.44506,221,0.44926,17-27,209,10-14,19,7-13,4-10,2-8,0-0,0-3,0-2,17-22,0-5,14-11,216,0.4667,0
Princeton,Ivy League,208,213,122,0.50785,122,0.50785,27-15-2,145,8-10-2,27,19-5,11-5-1,7-3-1,0-1,0-1,2-3-1,25-10-1,2-5-1,25-6-1,130,0.51551,1
Lamar University,WAC,209,209,266,0.40654,272,0.40794,11-38,231,6-18,20,5-20,4-15,2-8,0-2,0-1,1-5,10-30,1-8,9-23,162,0.49551,0
BYU,WCC,210,201,52,0.57054,55,0.56004,42-10,51,29-8,13,13-2,12-3,10-0,0-3,2-0,5-5,35-2,7-8,26-1,199,0.47568,0
Northern Colo.,Big Sky,211,207,198,0.46177,198,0.46387,23-30,218,12-20,19,11-10,10-10,5-5,0-2,1-4,0-7,22-17,1-13,20-10,236,0.45313,0
Eastern Ill.,OVC,212,208,207,0.45692,203,0.46252,25-30,192,15-12,18,10-18,6-13,4-6,0-0,0-1,3-8,22-21,3-9,21-10,260,0.43328,0
Yale,Ivy League,213,211,253,0.42333,255,0.42683,11-23,249,2-11,27,9-12,6-8,4-6,0-0,1-1,0-3,10-19,1-4,9-14,89,0.53455,0
UC Davis,Big West,214,217,189,0.46642,192,0.46642,23-29,153,12-13,16,11-16,9-11,4-6,0-1,0-5,2-5,21-18,2-11,16-12,187,0.47884,0
Idaho St.,Big Sky,215,212,185,0.46903,183,0.47113,25-27,179,16-15,19,9-12,13-12,4-6,0-0,1-4,1-4,23-19,2-8,18-12,244,0.44836,0
South Dakota,Summit League,216,232,156,0.48759,154,0.48689,28-25,133,16-13,21,12-12,10-12,5-5,0-0,2-5,0-8,26-12,2-13,20-8,205,0.47221,0
Cal Poly,Big West,217,214,215,0.45044,214,0.45394,19-29,260,5-16,16,14-13,7-13,3-7,0-2,0-3,2-5,17-19,2-10,13-15,223,0.4642,0
Santa Clara,WCC,218,223,221,0.44436,215,0.45346,21-30,237,14-22,13,7-8,5-13,3-7,0-0,0-1,2-7,19-22,2-8,16-15,245,0.44748,0
Indiana St.,MVC,219,215,182,0.4701,181,0.4729,25-27,167,13-11,12,12-16,5-14,5-5,0-0,0-1,1-9,24-17,1-10,18-8,235,0.45346,0
Col. of Charleston,CAA,220,216,261,0.40957,258,0.42147,15-37,286,7-25,14,8-12,4-14,6-4,0-0,0-1,1-1,14-35,1-2,9-21,264,0.42983,0
Oakland,Horizon,221,226,126,0.50616,124,0.50616,26-15,111,5-8,29,21-7,12-9,6-4,0-4,0-1,0-0,26-10,0-5,22-9,39,0.56972,1
UC Riverside,Big West,222,203,168,0.47837,169,0.48117,25-24,199,9-13,16,16-11,8-5,8-2,0-0,0-5,2-5,23-14,2-10,18-5,206,0.47205,0
Northwestern St.,Southland,223,218,147,0.49388,147,0.49388,29-22,136,18-12,15,11-10,8-10,5-5,0-1,0-0,3-10,26-11,3-11,23-9,239,0.45138,0
Gardner-Webb,Big South,224,219,243,0.42938,243,0.43428,15-29,245,8-9,17,7-20,2-16,2-8,0-2,0-0,2-9,13-18,2-11,13-15,290,0.38732,0
Bowling Green,MAC,225,245,127,0.50555,129,0.50415,32-20,134,16-9,22,16-11,8-11,5-5,0-1,0-0,3-8,29-11,3-9,27-9,198,0.4761,0
Valparaiso,MVC,226,220,254,0.42257,256,0.42537,14-33,219,9-10,12,5-23,4-16,3-7,0-1,0-1,0-8,14-23,0-10,14-12,276,0.41338,0
Pacific,WCC,227,221,265,0.40734,266,0.41154,12-37,267,10-25,13,2-12,3-13,1-9,0-1,0-1,1-9,11-26,1-11,10-23,263,0.43035,0
Saint Mary's (CA),WCC,228,242,235,0.43483,238,0.43693,16-31,233,12-20,13,4-11,4-17,3-7,0-0,1-4,0-7,15-20,1-11,12-15,255,0.43752,0
Houston Baptist,Southland,229,225,228,0.43846,224,0.44616,19-29,221,12-14,15,7-15,6-12,7-3,0-0,0-2,1-9,18-18,1-11,18-12,259,0.43335,0
Sacred Heart,NEC,230,228,278,0.39313,282,0.40013,13-42,252,8-23,30,5-19,6-19,1-9,0-0,0-2,1-2,12-38,1-4,11-29,165,0.49417,0
Canisius,MAAC,231,234,123,0.50724,118,0.51004,32-16,162,13-12,28,19-4,13-11,10-0,0-1,0-2,1-4,31-9,1-7,29-6,207,0.47154,1
Butler,Big East,232,224,116,0.51303,114,0.51303,31-17,180,15-11,10,16-6,9-5,7-3,0-1,0-0,5-4,26-12,5-5,19-8,265,0.42954,0
App State,Sun Belt,233,227,167,0.47973,161,0.48323,29-26,163,19-9,8,10-17,8-15,3-7,0-1,1-2,2-10,26-13,3-13,21-5,288,0.3954,0
Buffalo,MAC,234,229,195,0.46321,190,0.46741,22-24,208,9-10,22,13-14,7-14,5-5,0-1,0-0,2-4,20-19,2-5,19-14,261,0.43269,0
Utah Valley,WAC,235,230,187,0.46742,188,0.46882,24-27,190,10-13,20,14-14,6-16,4-6,0-1,0-3,1-5,23-18,1-9,17-11,210,0.47113,0
NIU,MAC,236,231,223,0.44301,231,0.44161,17-28,203,7-10,22,10-18,9-11,4-6,0-1,0-0,1-2,16-25,1-3,13-19,228,0.46152,0
Harvard,Ivy League,237,239,181,0.47115,178,0.47395,22-20,223,6-12,27,16-8,11-11,6-4,0-0,0-0,1-7,21-13,1-7,19-8,203,0.47342,0
Western Caro.,SoCon,238,235,247,0.42519,242,0.43429,19-34,206,14-18,23,5-16,9-12,1-9,0-1,0-0,1-11,18-22,1-12,17-21,200,0.4755,0
Chattanooga,SoCon,239,248,172,0.47641,168,0.48131,29-25,188,16-16,23,13-9,6-10,8-2,0-0,0-2,5-9,24-14,5-11,22-10,248,0.44563,1
USC Upstate,Big South,240,238,73,0.5524,63,0.5524,48-10,65,26-2,17,22-8,13-4,7-3,0-1,0-0,4-5,44-4,4-6,39-3,281,0.40765,0
Iona,MAAC,241,237,210,0.45541,209,0.45821,23-26,214,11-14,28,12-12,11-14,4-6,0-0,0-0,0-4,23-22,0-4,22-15,252,0.44165,0
Colgate,Patriot,242,236,229,0.4383,225,0.446,20-28,247,11-19,26,9-9,8-16,3-7,0-0,0-0,1-13,19-15,1-13,18-11,204,0.47228,0
Purdue Fort Wayne,Horizon,243,241,296,0.36382,295,0.37292,7-42,296,1-22,29,6-20,3-21,0-10,0-0,0-0,0-4,7-38,0-4,7-31,194,0.47767,0
Florida A&M,SWAC,244,240,248,0.4251,252,0.4293,18-31,232,5-18,31,13-13,5-14,4-6,0-5,0-4,0-4,18-18,0-13,18-18,93,0.53326,0
Presbyterian,Big South,245,244,115,0.51311,110,0.51661,36-15,157,15-5,17,21-10,8-6,6-4,0-0,0-0,3-7,33-8,3-7,33-8,293,0.38301,0
Binghamton,America East,246,243,208,0.4565,206,0.4614,22-23,226,13-13,24,9-10,8-9,6-4,0-0,0-0,1-2,21-21,1-2,19-11,284,0.40147,0
Bethune-Cookman,SWAC,247,247,205,0.45703,208,0.45843,24-26,244,7-19,31,17-7,8-6,7-3,0-2,0-2,0-5,24-17,0-9,21-13,168,0.49126,0
Cornell,Ivy League,248,246,232,0.43538,240,0.43538,15-23,155,8-9,27,7-14,8-11,4-6,0-0,0-0,0-2,15-21,0-2,12-16,152,0.50287,0
Dartmouth,Ivy League,249,252,214,0.45153,213,0.45643,20-24,246,6-17,27,14-7,6-11,7-3,0-5,0-1,0-4,20-14,0-10,18-12,209,0.47117,0
Detroit Mercy,Horizon,250,249,295,0.36576,296,0.37136,6-36,294,0-15,29,6-21,3-21,3-7,0-1,0-0,0-0,6-35,0-1,6-24,164,0.49451,0
UT Martin,OVC,251,250,144,0.49837,133,0.50257,34-19,210,15-9,18,19-10,12-10,7-3,0-0,0-2,2-6,32-11,2-8,30-4,299,0.36138,0
Evansville,MVC,252,253,204,0.45829,201,0.46319,24-27,154,15-8,12,9-19,7-10,3-7,0-3,0-0,2-6,22-18,2-9,18-11,280,0.40847,0
Robert Morris,Horizon,253,256,158,0.48604,153,0.48744,31-21,137,11-10,29,20-11,15-10,5-5,0-1,0-2,0-1,31-17,0-4,25-12,183,0.48062,0
Dayton,Atlantic 10,254,251,197,0.46178,205,0.46178,22-24,225,7-12,25,15-12,8-9,6-4,0-0,0-3,1-4,21-17,1-7,18-11,246,0.44723,0
Niagara,MAAC,255,254,264,0.40833,257,0.42163,14-26,272,6-14,28,8-12,3-16,2-8,0-0,0-3,0-2,14-21,0-5,14-18,247,0.44676,0
UNCW,CAA,256,261,110,0.51757,108,0.51967,32-13,121,18-5,14,14-8,7-5,7-3,0-0,0-0,3-3,29-10,3-3,21-3,285,0.39903,1
Manhattan,MAAC,257,258,284,0.38874,275,0.40624,13-32,285,6-19,28,7-13,4-13,2-8,0-0,0-2,0-2,13-28,0-4,12-22,257,0.436,0
Tennessee Tech,OVC,258,257,155,0.4876,152,0.4876,32-22,135,18-6,18,14-16,12-9,2-8,0-1,0-0,1-8,31-13,1-9,25-6,294,0.38271,0
Lafayette,Patriot,259,259,293,0.369,294,0.3844,10-37,280,8-21,26,2-16,4-21,2-8,0-0,0-0,0-6,10-31,0-6,10-27,243,0.44897,0
North Dakota,Summit League,260,255,276,0.39573,277,0.40553,14-39,269,10-22,21,4-17,7-24,2-8,0-0,0-5,1-7,13-27,1-12,12-21,267,0.42724,0
Cleveland St.,Horizon,261,260,213,0.45203,218,0.45203,22-24,258,4-13,29,18-11,10-7,5-5,0-0,0-0,0-5,22-19,0-5,20-17,189,0.47854,0
UMBC,America East,262,266,104,0.52334,104,0.52334,31-10,138,16-4,24,15-6,8-4,7-3,0-0,0-0,1-0,30-10,1-0,20-6,300,0.35826,1
Bryant,NEC,263,263,262,0.40943,260,0.41923,15-27,290,2-16,30,13-11,7-18,5-5,0-2,0-0,0-2,15-23,0-4,14-20,218,0.46634,0
Jackson St.,SWAC,264,262,236,0.43411,244,0.43411,21-27,239,7-13,31,14-14,4-14,4-6,0-0,0-0,0-5,21-22,0-5,20-18,142,0.50706,0
Drexel,CAA,265,264,200,0.46027,200,0.46377,24-23,148,19-9,14,5-14,11-15,4-6,0-0,0-0,0-4,24-19,0-4,20-6,271,0.41996,0
Rhode Island,Atlantic 10,266,265,289,0.3808,287,0.3913,11-35,278,7-16,25,4-19,5-16,1-9,0-0,0-0,0-4,11-31,0-4,11-25,272,0.4181,0
Siena,MAAC,267,268,199,0.46099,180,0.47359,32-23,242,14-15,28,18-8,14-11,8-2,0-0,0-0,0-1,32-22,0-1,31-14,277,0.41268,0
Howard,MEAC,268,280,202,0.45922,196,0.46482,29-22,253,8-17,32,21-5,12-6,8-2,0-0,0-0,0-5,29-17,0-5,29-16,225,0.46323,1
Western Mich.,MAC,269,267,249,0.42509,237,0.43769,22-32,265,10-16,22,12-16,7-15,6-4,0-2,0-2,0-3,22-25,0-7,20-19,282,0.40321,0
Tarleton St.,WAC,270,271,179,0.47212,184,0.47072,29-23,156,15-13,20,14-10,8-12,4-6,0-0,0-1,2-5,27-17,2-6,26-10,222,0.46453,0
Ark.-Pine Bluff,SWAC,271,277,299,0.33912,299,0.34472,4-37,274,0-17,31,4-20,2-19,2-8,0-0,0-0,0-9,4-28,0-9,4-24,61,0.55207,0
Merrimack,NEC,272,269,282,0.38985,273,0.40735,14-28,283,4-14,30,10-14,3-14,6-4,0-0,0-0,0-4,14-24,0-4,14-17,238,0.45156,0
LIU,NEC,273,279,224,0.44172,229,0.44312,26-31,240,13-20,30,13-11,7-12,5-5,0-2,0-0,0-3,26-26,0-5,24-18,250,0.44449,0
N.C. Central,MEAC,274,272,288,0.38171,293,0.38451,12-36,273,3-21,32,9-15,1-20,3-7,0-0,0-0,0-4,12-32,0-4,12-24,151,0.50345,0
George Mason,Atlantic 10,275,270,227,0.43946,222,0.44856,24-26,241,12-14,25,12-12,7-12,7-3,0-0,0-0,1-4,23-22,1-4,23-13,275,0.41593,0
South Carolina St.,MEAC,276,274,301,0.32066,301,0.33536,3-37,295,1-18,32,2-19,2-17,0-10,0-0,0-0,0-2,3-35,0-2,3-32,147,0.50435,0
Hartford,America East,277,273,281,0.39051,267,0.40941,17-32,289,10-16,24,7-16,7-23,4-6,0-0,0-0,0-0,17-32,0-0,15-22,295,0.38182,0
Mississippi Val.,SWAC,278,275,275,0.39752,284,0.39752,11-26,261,1-10,31,10-16,1-14,2-8,0-0,0-1,0-4,11-21,0-5,10-18,94,0.5331,0
Alabama St.,SWAC,279,278,242,0.42999,248,0.43279,24-31,262,9-17,31,15-14,5-16,6-4,0-1,0-4,0-1,24-25,0-6,24-21,240,0.45098,0
Saint Francis (PA),NEC,280,276,136,0.50176,135,0.50176,37-16,164,17-12,30,20-4,13-11,10-0,0-1,0-0,0-6,37-9,0-7,36-8,241,0.4502,1
Alcorn,SWAC,281,282,287,0.38223,291,0.38643,12-31,282,0-17,31,12-14,3-17,1-9,0-1,0-2,0-5,12-23,0-8,12-21,135,0.51176,0
Columbia,Ivy League,282,281,277,0.39435,280,0.40345,12-26,281,4-13,27,8-13,8-10,4-6,0-1,0-0,0-1,12-24,0-2,11-17,269,0.42266,0
Brown,Ivy League,283,283,258,0.41607,261,0.41887,16-25,224,9-11,27,7-14,6-12,4-6,0-0,0-0,0-1,16-24,0-1,16-15,262,0.43254,0
Quinnipiac,MAAC,284,284,286,0.38596,286,0.39436,12-29,279,7-14,28,5-15,2-17,2-8,0-0,0-0,0-1,12-28,0-1,12-24,287,0.39591,0
Coppin St.,MEAC,285,285,298,0.3481,298,0.3579,8-37,300,0-21,32,8-16,2-21,5-5,0-0,0-0,0-4,8-33,0-4,8-29,215,0.46694,0
Abilene Christian,WAC,286,286,220,0.44486,219,0.45046,25-26,248,10-15,20,15-11,10-11,6-4,0-0,0-4,1-0,24-22,1-4,19-15,283,0.40194,0
Wagner,NEC,287,287,270,0.40092,265,0.41352,19-29,284,7-17,30,12-12,8-18,3-7,0-0,0-0,0-0,19-29,0-0,19-24,279,0.40935,0
Southern U.,SWAC,288,289,290,0.38064,292,0.38624,14-32,275,2-16,31,12-16,3-15,5-5,0-0,0-2,0-8,14-22,0-10,14-19,73,0.54322,0
Delaware St.,MEAC,289,288,300,0.32783,300,0.33833,4-32,293,1-15,32,3-17,1-13,1-9,0-0,0-1,0-3,4-28,0-4,3-25,173,0.48725,0
Morgan St.,MEAC,290,291,178,0.47275,176,0.47625,30-15,176,11-10,32,19-5,13-6,8-2,0-0,0-0,0-0,30-15,0-0,30-10,229,0.46132,0
Holy Cross,Patriot,291,290,273,0.3985,262,0.4188,21-29,276,13-19,26,8-10,8-17,8-2,0-0,0-0,0-8,21-21,0-8,21-18,289,0.39204,0
Saint Peter's,MAAC,292,292,292,0.37284,276,0.40574,22-33,292,15-20,28,7-13,12-19,4-6,0-0,0-0,0-0,22-33,0-0,21-27,297,0.375,0
Fairleigh Dickinson,NEC,293,293,256,0.41917,253,0.42897,24-25,277,10-15,30,14-10,13-11,5-5,0-0,0-0,0-2,24-23,0-2,22-22,292,0.3832,0
UMES,MEAC,294,294,294,0.36698,290,0.38938,18-33,298,5-23,32,13-10,6-15,4-6,0-0,0-0,0-3,18-30,0-3,17-27,274,0.41678,0
Green Bay,Horizon,295,295,252,0.42358,251,0.43058,25-25,288,8-13,29,17-12,13-13,5-5,0-0,0-0,0-0,25-25,0-0,24-21,301,0.33743,0
Youngstown St.,Horizon,296,296,238,0.43264,226,0.44594,32-24,257,15-13,29,17-11,14-13,6-4,0-0,0-1,0-0,32-23,0-1,31-19,298,0.3622,0
Alabama A&M,SWAC,297,297,283,0.38898,288,0.39038,14-24,259,3-6,31,11-18,6-13,6-4,0-0,0-0,0-3,14-21,0-3,14-20,266,0.42804,0
Texas Southern,SWAC,298,298,244,0.42834,246,0.43324,24-20,287,3-17,31,21-3,11-13,7-3,0-0,0-4,0-2,24-14,0-6,24-13,201,0.47549,0
Prairie View,SWAC,299,299,285,0.38633,285,0.39473,20-28,297,3-19,31,17-9,8-16,8-2,0-0,0-0,0-3,20-25,0-3,20-23,232,0.455,1
Norfolk St.,MEAC,300,300,255,0.42167,245,0.43357,32-23,266,13-16,32,19-7,9-9,4-6,0-0,0-0,0-3,32-20,0-3,32-18,296,0.37751,0
Grambling,SWAC,301,301,297,0.35945,297,0.36505,13-23,301,0-8,31,13-15,1-14,3-7,0-0,0-0,0-0,13-23,0-0,13-19,273,0.41758,0
